P6_Residue	PAE mean  P6 to P6 dimer dsRNA 	PAE sd  P6 to P6 dimer dsRNA 	PAE mean  P6 to P6 dimer TOR 	PAE sd  P6 to P6 dimer TOR 	PAE mean  P6A dsRNA binding 	PAE sd  P6A dsRNA binding 	PAE mean  P6A self-association 	PAE sd  P6A self-association 	PAE mean  P6A to TOR 	PAE sd  P6A to TOR 	PAE mean  P6B dsRNA binding 	PAE sd  P6B dsRNA binding 	PAE mean  P6B to TOR 	PAE sd  P6B to TOR 
1	16.6159999847412	3.59961470786239	11.9	0.0923579704063616	29.953999710083	0.143756594246531	24.8659999847412	0.374494527168241	30.3679996490478	0.0482080251325027	29.9759998321533	0.133588948138944	30.4939998626709	0.067423990362164
2	14.4399997711181	4.11491545458464	9.43999996185303	0.0834864034034922	29.7239994049072	0.17713263797379	21.6280002593994	0.296907538461562	30.2159996032715	0.050259252048614	29.7859996795654	0.173481757224807	30.3860000610351	0.0445643130425572
3	13.7719999313355	4.27229393265744	7.7	0.0943397567323617	29.5279998779297	0.120970982753216	16.6319999694824	0.630145831120446	30.4440002441406	0.0423791390268939	29.5279998779297	0.114690991158001	30.5400001525879	0.0301664541120969
4	11.7539999961853	4.66154964793337	5.55199995040893	0.154576800741841	29.2	0.100598219062338	9.67199993133544	0.267888044985803	30.4239997863769	0.0564448467220691	29.1979999542236	0.0723466291153483	30.45	0.0497996083504244
5	11.4	4.73022401945359	5.57200002670288	0.114865115532276	28.7979995727539	0.115473074478933	8.51999988555908	0.175584783110271	30.2180000305176	0.0731024804029095	28.8159996032715	0.09537305517477	30.3200004577637	0.0317804743582373
6	10.5000002861023	4.96751259428481	4.20200004577637	0.0644515335977905	28.4599998474121	0.149565980774666	7	0.125259740134759	30.3120002746582	0.0287053462362853	28.4840003967285	0.130636914395573	30.3720001220703	0.0485181930875765
7	9.91400003433227	5.14931611912294	3.45399994850159	0.0480208371353482	28.896000289917	0.132234686558309	7.10399990081787	0.104623104064615	30.4639999389648	0.0769805222686915	28.920000076294	0.0895543406807317	30.4579998016357	0.0550817438421085
8	10.6419998168945	4.93466132414671	4.37200002670288	0.0990656539270635	28.8139999389649	0.0902552371212868	6.65800008773804	0.165994001337635	30.3060001373291	0.0895880459376001	28.8100002288818	0.0594136220505556	30.3279994964599	0.0863945760227041
9	10.4440001487732	4.93672532706678	4.59400005340576	0.0815843115628958	28.5099998474121	0.138852643786408	7.16400003433228	0.108517284335042	30.2360000610352	0.0886906577714215	28.5399997711181	0.110090662614247	30.2480003356934	0.0705975424537139
10	10.0880000114441	5.03811407133299	4.16399998664856	0.0998298804164225	28.2640003204346	0.14027130345959	6.79799995422363	0.117490491669055	30.3759994506836	0.058532117846425	28.2799999237061	0.101931465087447	30.3800003051758	0.0406201591544489
11	10.1659998893738	5.03916416718576	4.08800001144409	0.0830301383464451	28.6240001678467	0.0951632399427877	9.01000003814698	0.228910390354291	30.4640003204346	0.0620161285343624	28.6520000457764	0.0910713781092477	30.4879997253418	0.0558928393535636
12	10.560000038147	4.88016287834352	4.2539999961853	0.103469761287337	28.3740001678467	0.0694692478346613	10.4520002365112	0.245059211924895	30.2840000152588	0.0759341843379437	28.3760002136231	0.0285659402005371	30.3059997558594	0.0759342797872794
13	9.76199989318847	5.13955868605207	3.51800003051758	0.0528582895265099	28.6340000152588	0.141442644336928	11.7979999542236	0.3027275258424	30.2099998474121	0.116747600130668	28.6380004882812	0.117787982103822	30.2420001983642	0.0779358169389063
14	9.85399990081787	5.11682376782005	2.82399997711182	0.0696849811868611	28.5799995422363	0.111669344476328	14.510000038147	0.53271948930293	30.4740001678467	0.0645445018697092	28.5579998016357	0.0979491752090447	30.4560001373291	0.0535353021828649
15	10.1200000762939	4.97300818226538	3.96000003814697	0.0769415589291681	28.2600002288818	0.085381373512816	17.4720001220703	0.435745538895611	30.3200000762939	0.0758947799521197	28.2740001678467	0.0952154446297838	30.3220001220703	0.0501398451743684
16	10.2920001029968	4.97732615404168	4.84800004959106	0.0909615426597801	28.5479995727539	0.0938829335849587	18.3279998779297	0.184591630754965	30.2519996643066	0.112401054171064	28.6100002288818	0.0822800616491804	30.27200050354	0.0647609912868873
17	10.1480001449585	4.99311883837112	4.32400007247925	0.0749399821401082	28.0279998779297	0.0814494857111799	20.6839996337891	0.504376730370219	30.2139999389648	0.0780129571574178	28.0020000457764	0.0648382881976108	30.179999923706	0.0805604505378699
18	9.81000003814697	5.11253659995112	3.81000003814697	0.0801873217586083	28.6440002441406	0.0538146149939752	21.6720001220703	0.614316032130265	30.4720001220703	0.066887951432884	28.65	0.0418332520957689	30.4560001373291	0.0540925031911396
19	10.061999797821	4.9975286491775	4.23599996566772	0.0504579061568868	28.4559997558594	0.03325658816154	23.6059997558594	0.818025693168194	30.3180000305176	0.0554438366978101	28.4159999847412	0.0444522091846837	30.3020000457764	0.0576541805240229
20	10.3760001182556	4.97128617927099	3.97800002098083	0.052287670701203	28.5159999847412	0.0715260240911917	24.2279998779297	0.707936431595713	30.2520000457764	0.111865857719534	28.5499996185303	0.053572503419139	30.2960006713867	0.0807217440934416
21	10.4479998588562	4.92338022624773	3.67000002861023	0.0667083406926983	28.4619998931885	0.0385226516479372	24.5659999847412	0.785255338984083	30.496000289917	0.0729794912926613	28.4119998931885	0.0285305025947638	30.470000076294	0.05941363810237
22	9.76800003051758	5.08110365064346	3.55	0.0356370521370305	28.3340000152588	0.0787146831463675	8.40000019073486	0.202805358855066	30.4459995269775	0.0650076511286646	28.3319999694824	0.0589405409357195	30.4180000305176	0.0635136401329887
23	10.568000125885	4.92352863820535	4.71800003051758	0.0702424110576534	28.7399997711182	0.0489899038703935	6.80199995040894	0.131392554245516	30.3680004119873	0.0843446167446509	28.7159999847412	0.0627374461716852	30.3839996337891	0.0650076628645221
24	10.2220001220703	4.96960306716271	4.28000001907349	0.0622897014329458	28.0059997558594	0.159768554135436	5.99799995422363	0.0927038089657085	30.4140003204346	0.0650846668197803	28.0159999847412	0.0962600741579689	30.3680000305176	0.0508329403391951
25	10.7240000724792	4.86667824299511	4.59400005340576	0.061692757024059	28.7540000915527	0.060050162518534	6.58800001144409	0.206915396664079	30.4700000762939	0.07687653479601	28.7020004272461	0.0348425940901915	30.4859996795654	0.0758682459133196
26	10.5920000076294	4.89709451904361	4.58199996948242	0.0662118277503119	28.8659996032715	0.131893812181254	7.28400001525879	0.174315809818224	30.3719997406006	0.0572190476084494	28.8580001831055	0.115991384712646	30.3840000152588	0.0592115875512124
27	11.1959997177124	4.75611974578674	5.12600002288818	0.0794103429251064	28.7920001983642	0.0628012899085436	7.35	0.104833200938817	30.2759998321533	0.0837020038691028	28.7999996185303	0.0393700684395102	30.2840003967285	0.0775627152215149
28	11.4159999847412	4.76627789200275	5.31199998855591	0.105565154399674	28.8659999847412	0.0659244231799398	8.79200000762939	0.220372474971904	30.426000213623	0.0609590524287385	28.8779998779297	0.0394207751432301	30.4200000762939	0.0608274497066508
29	11.6280000686645	4.64148737782434	5.15799989700317	0.0363867603705769	28.8159999847412	0.15272848124433	8.61800022125244	0.283943557892974	30.4360004425049	0.0595483174046367	28.8080001831055	0.124354252205258	30.4019996643067	0.0581720142841487
30	12.7180000305176	4.42574785777771	7.36399993896484	0.0244131152941574	29.2639999389648	0.137825986255334	11.7279998779297	0.432578249755557	30.4180004119873	0.0394206009588839	29.2920001983642	0.119641065772366	30.4419998168945	0.0607783963123171
31	15.2119998931885	3.83715821678408	10.8139999389648	0.136293722798345	29.5240001678467	0.129560916256351	16.4879999160767	0.495332368851506	30.5319995880127	0.0283550920608929	29.4540000915527	0.137061888255627	30.5220001220703	0.064838114636969
32	17.8819999694824	3.16877781621337	13.9440000534058	0.165909638227104	29.7320003509521	0.194740778889735	23.3459999084473	0.413722116486294	30.6220001220703	0.0285305828174797	29.6280002593994	0.176590028533677	30.5259998321533	0.0677201422747825
33	18.8339996337891	2.95456521402516	14.9619998931885	0.0783835751164654	29.9319999694824	0.21870980207535	25.8560001373291	0.464355575364809	30.676000213623	0.0587876231397282	29.7860000610352	0.242355114755165	30.4959999084473	0.106658601464267
34	19.9360000610352	2.64925778924255	16.7819999694824	0.244241601961764	29.9060001373291	0.207547425110781	26.7180000305176	0.314362745066785	30.5680000305176	0.0683668311786034	29.6600002288818	0.286530810552011	30.4540000915527	0.0898666698858253
35	22.0479999542236	2.11386712154526	20.4399997711182	0.597971616970921	29.7619995117188	0.218549965075752	27.1939998626709	0.217131280451582	30.5979995727539	0.0911810038544135	29.3999996185303	0.421414283571263	30.3740001678467	0.138513373820795
36	23.3159999847412	1.81084109503882	21.9659999847412	0.689453361189793	29.629999923706	0.248394800127653	27.8299995422363	0.181851470788709	30.6200000762939	0.0771361540858272	29.2600002288818	0.402963881263252	30.2900001525879	0.133566656780989
37	24.8639999389649	1.50120823208074	23.9079998016358	0.467925229905876	29.6919998168945	0.253088851977616	27.9860004425049	0.185999805696686	30.6220001220703	0.058515013635096	29.4279998779297	0.308664713483463	30.2739997863769	0.159172861193851
38	26.1059997558594	1.28560727107279	24.6399997711182	0.503914711880885	29.7860000610352	0.274910877393192	28.2259998321533	0.226993425685904	30.5840000152588	0.0782047467990715	29.5659999847412	0.30686464309157	30.1859996795655	0.208605052362518
39	26.6159999847412	1.10707997497886	24.9620002746582	0.407803756790885	29.7400001525879	0.249659657402544	27.25	0.345731323774998	30.4959999084473	0.0623378853321854	29.5779998779297	0.267196437139337	30.1860000610352	0.184948644325048
40	27.1399997711182	1.05917408093958	25.7440002441406	0.357807344523147	29.723999786377	0.270307289706689	27.4279998779297	0.311342213182154	30.5099998474121	0.0646530274765826	29.5819995880127	0.279130845428507	30.1619998931885	0.163505145211002
41	27.3979999542236	1.0147089853957	25.9880001068115	0.248724520995516	29.7239994049072	0.270270242559348	27.1159999847412	0.395456513436375	30.4719997406006	0.0474763077933318	29.5979999542236	0.267234239447374	30.05	0.17447055443625
42	27.6920001983642	0.969228522707518	26.5560001373291	0.181041549845393	29.9340000152588	0.265115127861777	26.9139999389649	0.594874893807339	30.4679996490478	0.0615952415816726	29.8120002746582	0.262876455204138	30.223999786377	0.146308033649899
43	27.8920001983643	0.900818597117534	26.8979999542236	0.253759712552126	29.8380001068115	0.297193285409213	26.7159999847412	0.514067996459168	30.3819999694825	0.077871727742062	29.7159999847412	0.299326056227058	30.1560001373291	0.152105074152124
44	28.1600002288818	0.812927000318065	27.1540000915527	0.23926110629127	29.6939998626709	0.35079344940256	26.1159996032715	0.84072960923736	30.346000289917	0.0894205998973356	29.5979995727539	0.329899940371863	30.1720001220703	0.138253202487762
45	28.0380004882813	0.836494891071869	27.2500003814697	0.301297286378585	29.8419998168945	0.318863686092169	25.7159996032715	0.947937867772282	30.3760002136231	0.104335945105276	29.7980003356934	0.303684105928969	30.3100002288818	0.125817160537816
46	28.2639999389649	0.740571514470501	27.5819999694824	0.255076487301073	29.7599998474121	0.341979558880472	25.7439998626709	1.01759349941906	30.3380001068115	0.0765114058431593	29.7360004425049	0.274729197637207	30.3059997558594	0.0899778036934382
47	28.1959999084473	0.7756714871231	27.8819999694824	0.280132101395501	30.0019996643066	0.335058379048555	25.8139999389648	0.995658498112653	30.3940002441406	0.0940531105806349	29.9839996337891	0.26127758771918	30.3619998931885	0.095519685164611
48	27.9900001525879	0.853041400276	28.1419998168945	0.357790223255054	29.8259998321533	0.363395197162481	25.8899997711182	0.980066372667405	30.4060001373291	0.11771142218323	29.7919998168945	0.288641633570182	30.4099998474121	0.0744984527023217
49	27.8360000610351	0.832494084508499	28.1540004730225	0.363683972194972	29.4779998779297	0.351616196007957	25.5200000762939	0.918722130592839	30.3380001068115	0.116163389104584	29.5099998474121	0.256612471849401	30.3639999389649	0.0506558960631714
50	27.8400001525879	0.830921208067397	28.1720001220703	0.383332854768885	29.5300003051758	0.359444141934872	25.5400005340576	0.986463435683049	30.3579998016357	0.0942017749080532	29.5339996337891	0.279331511155507	30.3659999847412	0.0413037330918793
51	28.1759998321533	0.79937821122547	28.0340000152588	0.411613713772129	29.7799999237061	0.376231322474576	25.5199996948242	1.01017309461861	30.3940002441406	0.0999801611490221	29.7580001831054	0.296469214502537	30.3799995422363	0.0573587537060259
52	27.9720001220703	0.863877326433437	27.8440002441406	0.451614913849014	29.729999923706	0.289723889942935	25.3899997711182	0.882332072417681	30.4040000915527	0.101567525341717	29.7240001678467	0.209633121412932	30.3480003356934	0.0548998279064972
53	27.8600002288818	0.89817592324108	27.8640003204346	0.387577029028083	29.5759998321533	0.331912799965649	25.1360000610352	0.889733708557589	30.3819995880127	0.0316859860033937	29.5639999389649	0.242911697890219	30.3579998016357	0.0379999562328404
54	28.1699996948242	0.830198591626209	28.0139995574951	0.39451987276682	29.7419998168945	0.318392973831198	25.4420001983643	0.862515949276539	30.4079998016357	0.0828494648674537	29.7080001831055	0.243010573922625	30.4359996795654	0.0522110299984308
55	28.1519996643066	0.820947088351014	27.753999710083	0.439665946452835	29.6720001220703	0.296351187403908	25.3919998168945	0.831164143662222	30.3419998168945	0.0545345602794031	29.6379997253418	0.215531701502265	30.3079998016357	0.0602825316934303
56	27.9479995727539	0.831963829574803	27.746000289917	0.407573189726211	29.5359996795654	0.247721581700994	24.9819999694824	0.905131880880651	30.3299999237061	0.0421898138480097	29.5520000457764	0.156760717387975	30.2319995880127	0.0797119037197663
57	28.0579998016358	0.851430558209508	27.8120002746582	0.386308093613856	29.4599998474121	0.299065192933056	25.0339996337891	0.91236286843993	30.3540000915527	0.0492543373337701	29.423999786377	0.213789595442323	30.3159996032715	0.110796884847139
58	28.2780002593994	0.79227743621446	28.1	0.299716694767324	29.7139999389648	0.266300514666075	25.6680000305176	0.813292198176965	30.3679996490479	0.0615955853011769	29.676000213623	0.207619897935018	30.2979999542236	0.10370142567648
59	28.3439998626709	0.761108432669067	28.1420001983643	0.296957893469401	29.6640003204346	0.235321071968204	25.4679996490478	0.63562094953331	30.323999786377	0.0688185836223793	29.6600002288818	0.184255153175142	30.2520000457764	0.101950748371255
60	28.6360000610352	0.722825079666412	28.3040000915527	0.143756488103384	29.6440002441406	0.233250798591127	26.007999420166	0.777942217615415	30.3159999847412	0.112142751047837	29.6420001983642	0.194689301890783	30.3300003051758	0.103971254778157
61	29.0099998474121	0.552023732518368	28.3999996185303	0.157987389797698	29.8299999237061	0.190078896454848	26.4199996948242	0.703548189108322	30.3179996490479	0.074189052035412	29.7700000762939	0.17955484488562	30.2919998168945	0.0915097142472779
62	29.17200050354	0.492009973657558	28.5159999847412	0.0862322894948883	29.8380001068115	0.183586652372955	27.0780006408692	0.456436325295321	30.396000289917	0.0988736319083495	29.7940002441406	0.17761211858101	30.379999923706	0.112472342588473
63	29.196000289917	0.483286615443951	28.5080001831055	0.0593633297029091	29.7360000610352	0.194771435284148	27.0320003509521	0.345505485325524	30.2400001525879	0.129344682025517	29.7019996643066	0.152394275525878	30.35	0.0858487361188946
64	29.3220001220703	0.44753115073111	28.4599998474121	0.217094647699159	29.7439998626709	0.188536605721017	27.3219997406006	0.284454020051331	30.3400001525879	0.0813016794032355	29.7060005187988	0.139054094944586	30.3560001373291	0.066226765600105
65	29.4819999694824	0.388810934431893	28.4120002746582	0.113287193473131	29.696000289917	0.196331443419285	27.1719997406006	0.269488355282502	30.2719993591309	0.12634875952406	29.6319999694824	0.164845508080902	30.3739997863769	0.067572194691343
66	29.4780002593994	0.424657233765831	28.5100002288819	0.0809938909798259	29.85	0.19034183550474	27.1819999694824	0.35165889891479	30.2919998168945	0.121136466193475	29.8180000305176	0.143958251623572	30.3819995880127	0.101261988252749
67	29.3559997558594	0.453933973762785	28.3100002288818	0.107796279704739	29.6059997558594	0.224601771916304	27.076000213623	0.305050889669531	30.3180000305176	0.0839282598691864	29.5359996795654	0.185380558643162	30.3119998931885	0.105990713324831
68	29.3900001525879	0.455214198154898	28.0019996643066	0.184130367327795	29.6139999389648	0.25112971597743	27.1840000152588	0.238801132686432	30.1359996795654	0.108563321529555	29.5639999389648	0.211011885177422	30.15	0.127397088499003
69	29.5219997406006	0.403650685211163	27.97799949646	0.195253720100378	29.4760002136231	0.288176892924518	27.3820003509521	0.188981523650325	30.1620002746582	0.118465109215596	29.4560001373291	0.264151445790018	30.1660003662109	0.15917312841194
70	29.4	0.448073794026434	28.1540000915527	0.27376265806434	29.5399997711181	0.31538854111957	27.396000289917	0.196305843266015	30.2579998016357	0.103121445177477	29.5939998626709	0.26469972905875	30.1580001831055	0.164754354833434
71	29.5080001831055	0.425081026606678	28.4240001678467	0.274929081986853	29.9119998931885	0.31114955083387	27.4380001068115	0.150943670414522	30.3099998474121	0.0827042482331807	29.8820007324219	0.305227856082021	30.2199996948242	0.107517541918128
72	29.5819999694824	0.426712931189071	28.3959999084472	0.39529229340196	29.573999786377	0.408871772457264	27.6319999694824	0.177239985518187	30.2840003967285	0.0902551399099935	29.5080001831055	0.403018492092262	30.2560001373291	0.0686731275219437
73	29.5659999847412	0.45096115164907	28.9180004119873	0.199885096196701	29.6319999694824	0.347842050969332	27.626000213623	0.226110496347064	30.3380001068115	0.0863365385820875	29.5580001831055	0.331004612178986	30.273999786377	0.072290975705877
74	29.523999786377	0.442962720055928	28.7780002593994	0.400354713061776	29.6399997711182	0.378787568397805	27.5259998321533	0.269714759879419	30.346000289917	0.0607122400307068	29.570000076294	0.360041521539051	30.2780002593994	0.0660605715613334
75	29.3440002441406	0.469005412170183	28.8700000762939	0.331918621867501	29.5560005187988	0.436996611977046	27.4959999084473	0.110752030123842	30.2979999542236	0.07465917697337	29.5159999847412	0.413782576444327	30.2899997711181	0.0531976890985312
76	29.5860000610352	0.371666520433271	28.9020000457764	0.388141718083313	29.3739997863769	0.447801124469883	27.4700000762939	0.100647911733343	30.1220001220703	0.0702426384710593	29.2800003051758	0.469808429553751	30.1720001220703	0.0893531954972409
77	29.6360000610352	0.340508525993817	29.0020004272461	0.361958458766797	29.5220001220703	0.403440072753756	27.3999996185303	0.152151269379789	30.2859996795654	0.0733892953912732	29.4579998016357	0.38936362468351	30.2979999542236	0.0878293641543586
78	29.5040000915528	0.41249951142268	28.8900001525879	0.339661590346179	29.6679996490479	0.367197281099142	27.3099998474121	0.0918149309039879	30.0840000152588	0.102352196842786	29.6180000305176	0.37761610084419	30.2639999389649	0.101468958125316
79	29.5520000457764	0.388823813659789	28.4360000610352	0.4009189688417	29.4919998168945	0.327038203349782	27.0759998321533	0.1640913927315	29.9439994812012	0.150618785125392	29.4360000610351	0.33158115964234	30.0560001373291	0.125403358546067
80	29.4479999542236	0.427754566821569	28.1919998168945	0.487907750212389	29.3939994812012	0.306277736955549	26.8940002441406	0.250331932930982	29.5940002441406	0.181041445544724	29.3220001220703	0.311839774756701	29.8299999237061	0.180055542112176
81	29.3459999084473	0.487909884308904	28.4940002441406	0.427675151240375	29.3240001678467	0.273250924739786	27.0759998321533	0.0663776459538662	29.6359996795655	0.240782201021872	29.2219997406006	0.281023175434548	29.8899997711182	0.205450478186135
82	29.4099998474121	0.424911890657911	28.0139999389648	0.50426769194169	29.3919998168945	0.285804249577548	26.8860004425049	0.118515864408868	29.8000003814697	0.174871222716396	29.2879997253418	0.289541024050511	29.9580001831055	0.13990721003614
83	29.6220001220703	0.339225740964129	28.296000289917	0.459288397382641	29.3239997863769	0.314794993680578	27.0040000915527	0.140982309138069	29.7580001831055	0.184266199360082	29.2099998474121	0.339366903584406	30.0040004730225	0.134409751422809
84	29.6919998168945	0.357846468178252	28.4939998626709	0.500785057269193	29.4279998779297	0.281663060690868	27.3220001220703	0.0960935396817548	30.1340000152588	0.109526183808772	29.3040000915527	0.292089206394742	30.2879997253418	0.0988633588074286
85	29.5040000915527	0.471366135090315	28.4740001678467	0.366696172257736	29.2599998474121	0.309144037026874	27.046000289917	0.291900671773848	30.1300003051758	0.135129618549261	29.1640003204346	0.324015285343461	30.1200000762939	0.126846161971264
86	29.4119998931885	0.420444937875976	28.5400001525879	0.270831996347168	29.2159999847412	0.309153842714318	26.8939998626709	0.260760570922802	29.9299999237061	0.164772464037003	29.1279998779297	0.321020419983582	29.8840000152588	0.167618526553079
87	29.6980003356934	0.321937758549211	28.4720001220703	0.440152275022625	29.276000213623	0.312643501451175	26.7040000915527	0.36563105086067	30.0779998779297	0.0887356049377407	29.1740001678467	0.33453839965198	30	0.104976428338484
88	29.5900001525879	0.413279493014598	28.6659999847412	0.301970290257513	29.570000076294	0.277542840073852	26.8599994659424	0.387556525753007	30.1780002593994	0.119264591052452	29.4599994659424	0.299916819802912	30.1859996795654	0.110706900517957
89	29.8440002441406	0.395898795537544	28.8580001831055	0.270395718567947	29.4520000457764	0.34087247745049	27.4619995117187	0.145512892423944	30.1700000762939	0.088487318693048	29.3820003509521	0.344476379227102	30.123999786377	0.0597159431475
90	29.8680000305176	0.324120271212155	28.5979999542236	0.385997373878422	29.3159999847412	0.363147214940875	27.1319999694824	0.252158652273119	30.2099998474121	0.128335447880326	29.2439998626709	0.372110145382618	30.0799999237061	0.0995490101251416
91	29.8859996795654	0.425918020858525	28.8600002288818	0.371470277934854	29.503999710083	0.419733181878433	27.6979999542236	0.189536461254169	30.25	0.141102629356162	29.4439994812012	0.408088057645695	30.2400001525879	0.0817923684181927
92	29.9879997253418	0.398690200311078	29.1819995880127	0.22102947407955	29.3459999084472	0.427897192613335	27.6380001068115	0.270913252146717	30.1659999847412	0.187392792593161	29.2659999847412	0.440597401098577	30.1040004730225	0.113472581484282
93	30.0860004425049	0.336282773691835	29.0340000152588	0.506247174350811	29.4719997406006	0.477162506524249	27.9459995269775	0.237415137908643	30.2640003204346	0.157467445472681	29.4080001831055	0.496572199094562	30.0360000610352	0.123150285105909
94	30.0340003967285	0.42344525853784	29.029999923706	0.355991684162918	29.4479999542236	0.562222329890044	27.8340000152588	0.232972284003048	30.2940002441406	0.150386281085973	29.2520000457764	0.650310500953356	29.9959999084473	0.114568698580512
95	30.129999923706	0.376337624824214	29.1980003356934	0.308761991223242	29.6299999237061	0.470478316469282	28.05	0.245804816433709	30.3279998779297	0.132680033951385	29.442000579834	0.559226143080446	30.1300003051758	0.104785672835041
96	30.0899997711181	0.367981148402949	29.3420001983642	0.30465381602172	29.5099998474121	0.434200493010506	27.9279998779297	0.233568022563037	30.3060001373291	0.182827819245154	29.3920001983642	0.494200320257925	30.1300003051758	0.139892745759837
97	29.8860000610352	0.456723040089481	29.1419998168945	0.403452718524252	29.6100002288818	0.412225581494588	27.5299999237061	0.351369010122534	30.303999710083	0.145210144300412	29.5340000152588	0.444731224482915	30.1040000915527	0.100677814077332
98	29.7220001220703	0.527099456595287	29.0099998474121	0.423756881342991	29.4140003204346	0.463806072849152	27.0440002441406	0.364068682447381	30.2719997406006	0.141046050215271	29.2779998779297	0.49924334059835	30.0520000457764	0.130207347190632
99	29.5939998626709	0.650404488098346	29.0319999694824	0.445189667321207	29.4620002746582	0.377907504416033	26.9479999542236	0.430887583647133	30.1859996795654	0.156894765829192	29.3459999084473	0.428714198521277	29.9879997253418	0.133431568223392
100	29.9060001373291	0.392627086285414	29.1799999237061	0.451353328297669	29.4779998779297	0.424998893485045	27.0980003356934	0.353375041345075	30.3240001678467	0.109389298661372	29.3619998931885	0.470408408708889	30.1219997406006	0.109608375880907
101	29.8719997406006	0.376263447487742	29.3579998016357	0.299222390439748	29.35	0.428812455858405	27.1779998779297	0.28382027532357	30.3479999542236	0.109881629440526	29.3299999237061	0.447895114558892	30.1619998931885	0.096974269561143
102	29.8100002288818	0.415307153212514	29.3060001373291	0.41803845129258	29.5140003204346	0.348204001297801	26.9180000305176	0.248463121959221	30.2860004425049	0.109022774723284	29.4599998474121	0.354570042027577	30.1020004272461	0.112178514449216
103	29.8439998626709	0.4024003755284	29.4899997711182	0.333916271382568	29.0420001983643	0.472592934098572	26.8640003204346	0.268078471922308	30.4660003662109	0.0886341517880912	29.0179996490478	0.484823484346841	30.2139999389649	0.117328489341133
104	29.6840003967285	0.482219916038697	29.4139995574951	0.400369739718284	29.2380001068115	0.480379200734675	26.5979999542236	0.348989929819168	30.4420001983642	0.100568573744404	29.1300006866455	0.500419922999396	30.2999996185303	0.130345824154576
105	29.5239997863769	0.594328354589858	29.45	0.405672174987415	29.3400001525879	0.420998689481934	26.3179996490479	0.36381871932556	30.4199996948242	0.0605804002451152	29.2119998931885	0.444830565370583	30.2680000305176	0.12228656975433
106	29.2820003509522	0.671665169541797	29.2680000305176	0.494089342169796	28.9239997863769	0.494071041898634	25.6019996643066	0.497678472831652	30.4020000457764	0.0635925252065258	28.8299999237061	0.506862823151959	30.253999710083	0.0945833480859942
107	29.4540004730225	0.448916311897116	29.0160003662109	0.635142504812222	28.4520004272461	0.816415282928914	25.77799949646	0.555233404908622	30.4440002441406	0.0549181171201534	28.4360000610352	0.748976684533446	30.303999710083	0.0944775693404884
108	29.5840000152588	0.444787553442285	28.9219997406006	0.689408500193594	28.7840000152588	0.648016929499557	25.976000213623	0.531155283146599	30.5340000152588	0.0380262440866486	28.8599994659424	0.523048838623603	30.3780002593994	0.0918367081135058
109	29.5159999847412	0.483090082586156	29.3	0.447370055272459	28.5139995574951	0.795541153788571	25.873999786377	0.506769904763464	30.5979999542236	0.0316859860033909	28.6360000610352	0.671956911158847	30.4619998931885	0.0674833439378833
110	29.5799999237061	0.436749537275126	29.1379997253418	0.552316911228122	28.6060005187988	0.664775178969738	25.7300003051758	0.548051034458362	30.4840003967285	0.0666031695418979	28.5880001068115	0.616809597777425	30.3439994812012	0.041785158076082
111	29.5139999389648	0.399256597341487	28.95	0.710907795621339	28.6580001831055	0.522870911226801	25.9179996490479	0.385141415591342	30.5	0.0834865404807895	28.5899997711182	0.483259683526869	30.3819995880127	0.0249798689097852
112	29.353999710083	0.45092807991416	28.8680000305176	0.804968228735581	28.7040000915527	0.441617778305586	25.3819995880127	0.312784257947331	30.3679996490479	0.114254125274579	28.5159996032715	0.40491471904932	30.2759998321533	0.0377623501222538
113	29.3579998016358	0.505088017352968	28.8620002746582	0.822298102006773	28.6819999694824	0.427836518215848	25.4260002136231	0.260875391975915	30.3819999694824	0.128467862871961	28.5599998474121	0.365882442355767	30.2399997711181	0.0240831463907132
114	29.3159996032715	0.543889697476721	28.9520004272461	0.747110587262035	28.7820003509521	0.373943846602692	25.4439998626709	0.344885484105454	30.4479999542236	0.14667665744654	28.5899997711182	0.319014287072667	30.3240001678467	0.0510489053549502
115	29.5700000762939	0.482669845572424	29.1940002441406	0.714196119915282	28.7399997711182	0.349585449818659	26.0360000610352	0.471196102454012	30.3720001220703	0.209771188095612	28.7080001831055	0.259314368560589	30.3299999237061	0.0914879947150726
116	29.9639995574951	0.337914170715999	29.6540000915527	0.468226775514672	29.0779998779297	0.294251862085106	26.5759998321533	0.433192676077974	30.4520000457764	0.201653254308574	28.9780002593994	0.245772299235108	30.4299999237061	0.0829457437984757
117	30.0159999847412	0.325708299498711	29.8339996337891	0.423149971549457	29.1659996032715	0.230859279789352	26.6580001831055	0.444380539674228	30.4780002593994	0.217080680158413	29.0479999542236	0.17156358733426	30.5359996795654	0.099930123062405
118	30.0759998321533	0.36563087140987	29.8119998931885	0.516327349113265	29.1759998321533	0.234469683479146	26.8080001831055	0.361889400341975	30.4940002441406	0.24500204557234	29.0559997558594	0.17580103551858	30.5479999542236	0.118000109721263
119	30.0099998474121	0.394955842845651	30.0020000457764	0.422828694098766	28.9060001373291	0.247074653926953	26.9520000457764	0.408048772421317	30.5159999847412	0.245999740197431	28.7740001678467	0.190751160104703	30.4900005340576	0.161027849099208
120	29.7979999542236	0.506610482897234	29.7579998016357	0.524970468195552	28.9320003509522	0.252257922650276	26.7319995880127	0.452718337369013	30.503999710083	0.24510416156876	28.7740001678467	0.190803489654927	30.4959999084473	0.106423706881325
121	29.9900001525879	0.440737827005312	29.8819995880127	0.447463999505298	29.0319999694824	0.32746576380118	26.4639999389648	0.444011288404972	30.4640003204346	0.25887442501347	28.9259994506836	0.221169649143819	30.4899997711182	0.107842319599714
122	30.046000289917	0.409164901265617	29.8720001220703	0.404986397710392	28.7860000610352	0.292738602153443	26.5	0.585772956323437	30.5420001983643	0.226834763873106	28.7500003814697	0.184716162818272	30.5199996948242	0.0798750707780752
123	30.0819999694824	0.392675503236871	29.8439998626709	0.473757221402488	28.6500003814698	0.355584172967483	26.55	0.670119538133978	30.5739997863769	0.203681079614791	28.6619995117187	0.250067948865282	30.55	0.0782305736868904
124	29.95	0.416977253922497	29.5740001678467	0.535262466420909	28.4560001373291	0.37755249454743	26.3520000457764	0.658273484868415	30.5279998779297	0.170686774102566	28.4860000610352	0.328292334657238	30.4779998779297	0.0710211270562636
125	30.0139995574951	0.37039996039566	29.5600002288818	0.569517221285899	28.3119998931885	0.457410275959182	26.3379997253418	0.667430849483908	30.5559997558594	0.161232764643592	28.353999710083	0.413565177162882	30.4219997406006	0.0810800304886663
126	29.8619998931885	0.343021913390216	29.7099998474121	0.393357333038524	28.3259998321533	0.44139087257174	26.1940002441406	0.704348006552298	30.4740001678467	0.12843696354324	28.3860000610352	0.456843381843433	30.3440002441406	0.106845807931102
127	29.8059997558594	0.392983566659008	29.646000289917	0.393517440351275	28.1319999694824	0.442068212777912	26.0979995727539	0.718751701084984	30.5279998779297	0.127765412836242	28.1	0.576758233814032	30.3400001525879	0.104833271441204
128	29.6959999084473	0.373705738399107	29.4559997558594	0.484278946562322	27.8020000457764	0.609125783511575	26.0360004425049	0.49601008289621	30.4600002288818	0.134647547626944	27.6939998626709	0.740652441351153	30.2419998168945	0.140762194144438
129	29.9580001831055	0.316044463083842	29.6779994964599	0.382627886786527	27.903999710083	0.653564297432454	26.2140003204346	0.657377930180064	30.5099998474121	0.0914331987355762	27.7760002136231	0.795283533688698	30.3420001983643	0.0936160579638481
130	29.753999710083	0.383583160893236	29.5619998931885	0.353374943649974	27.1360004425049	0.628757564479473	25.7219997406006	0.512770909992058	30.4480003356934	0.104422187856562	26.9599998474121	0.758221387907594	30.1840000152588	0.134447123574843
131	29.746000289917	0.384364586745301	29.596000289917	0.38691865510681	27.553999710083	0.647631298748081	25.3159999847412	0.232886132114119	30.5440002441406	0.0913019365059818	27.2259998321533	0.690706698197777	30.3019992828369	0.118802378841949
132	29.5119995117187	0.353714477502536	29.4840003967285	0.415181920524193	26.8779998779297	0.674643444024768	21.7459999084472	0.259992205987408	30.4679996490478	0.0835106448397562	26.3260002136231	0.760648322935995	30.2100006103516	0.0820366065029773
133	28.9180000305176	0.406330148738229	29.4979995727539	0.351303075311573	26.0139999389649	0.603594173299158	16.4780002593994	0.178868652273988	30.3439998626709	0.105716508688911	25.2840000152588	0.682529068704462	29.9360000610352	0.0777558656303643
134	29.0360000610352	0.360410799120015	29.6520000457764	0.312800301657707	25.0220001220703	0.843761853857423	14.6039999008179	0.206460611313759	30.4019996643066	0.141152286240334	24.7239997863769	0.915219019865936	30.2340000152588	0.0618545824066777
135	28.7120002746582	0.363571065323516	29.6860000610352	0.346014340384759	25.0340000152588	0.567913822272016	11.7279998779297	0.124153024757878	30.2620002746582	0.187387415173854	24.3759994506836	0.78715686842021	30.2060001373291	0.134409968537906
136	28.3959999084473	0.386504766476861	29.7319999694824	0.327007351247473	24.5639995574951	0.401218043952108	8.72999992370605	0.17567004848516	30.2399997711182	0.198570042165338	23.8540004730225	0.619448123302337	30.2340000152588	0.165094009390726
137	28.0840000152588	0.445730794650215	29.9279998779297	0.301320442821547	23.3580001831055	0.674836213547733	8.71599998474121	0.103082434101237	30.2140003204346	0.223284654411801	22.4319999694824	0.732266161791478	30.2479999542236	0.193633683898551
138	27.5659999847412	0.568591244101313	30.0400001525879	0.192223945945829	22.5580001831055	0.684393115674677	4.32200002670288	0.049537864229009	29.8539993286133	0.298322015603791	21.4980003356934	0.929566729255224	29.9200004577637	0.294074718322903
139	26.7720001220703	0.59678638738853	29.979999923706	0.214848987507542	20.7739997863769	0.908557327930758	2.79800000190735	0.0361109427058666	29.8200000762939	0.250000030517841	19.6019996643066	1.20553481676289	29.9299999237061	0.25387009357959
140	26.4079998016357	0.649410397087912	29.8379997253418	0.259834688040988	20.2599998474121	0.968442132634125	0.805999994277954	0.0139999964407528	29.6580001831055	0.253148050678174	19.179999923706	1.15815380082449	29.8400001525879	0.290258518616517
141	25.4840000152588	0.76158775239765	29.7639999389649	0.273945213465219	19.7	1.01062869365826	0.653999996185303	0.0116619059567801	29.5759998321534	0.23770999206815	18.3659997940063	1.3280911266447	29.7639999389648	0.332183700502575
142	26.3680004119873	0.716836111047265	29.9380001068115	0.306274483610585	20.0880001068115	0.885174743090729	0.676000010967255	0.00678232351499127	29.7800003051758	0.221540076666686	18.8139999389648	1.16764548197999	29.9239997863769	0.251606960265985
143	26.0840000152588	0.735231975865072	29.7639995574951	0.323490343731017	19.3340000152588	0.885107886847293	0.73400000333786	0.0120830428362634	29.5879997253418	0.232451996341412	18.0679998397827	1.21571131284435	29.7139999389649	0.2984225944976
144	26.1500003814697	0.709513900427145	29.9080001831055	0.230508243636837	19.4439998626709	0.928927442634715	0.783999991416931	0.0136381822389196	29.4819995880127	0.2229664983518	18.1579999923706	1.26205935338639	29.65	0.327734782153108
145	26.2420001983643	0.837397420275315	30.1519996643066	0.145856031843828	20.3860000610352	0.804615247097583	1.33399999141693	0.0193907279873365	29.5839996337891	0.230751027775552	18.9499996185303	1.22708593845751	29.7520000457763	0.29533717102027
146	26.4139999389648	0.818819550790469	29.9840000152588	0.16600001691343	20.3979999542236	0.811032653621599	1.68800003528595	0.017720051120575	29.5420001983643	0.230247554936093	18.4420000076294	1.27663789236418	29.7619995117187	0.276720068880156
147	26.2560005187988	0.799159631502342	29.8820003509521	0.154479711243686	20.4780002593994	0.948348076734539	1.45000002384186	0.0167332059450131	29.3139999389649	0.325170552126116	19.3319999694824	1.24091635768447	29.4740001678467	0.380020959657674
148	26.4480003356934	0.742828402772126	29.8660003662109	0.131209725091754	20.1859996795654	0.945460773285717	1.95400002002716	0.0350142705162638	29.2660003662109	0.291695088950124	18.8819999694824	1.18351768878183	29.4640003204346	0.336163468900091
149	26.5379997253418	0.776372297113704	30.0080001831055	0.218114822666415	20.5559997558594	0.853115492404617	1.56800000667572	0.0222261099556546	29.4600002288818	0.212978906402039	19.2520000457764	1.10751258929745	29.7559997558594	0.293863998927707
150	26.7220001220703	0.677985255550888	29.9400001525879	0.253278448617898	20.5180000305176	0.889378469655336	1.53800001144409	0.0247790271777154	29.5340000152588	0.205902793875018	19.3820003509522	1.19432565485789	29.7479999542236	0.268260825615251
151	26.4060001373291	0.673354073612368	29.7759998321533	0.351988816907382	20.05	0.936381402281701	0.912000000476837	0.0142828565900046	29.5180000305176	0.279703282796078	18.7100002288818	1.20710819871284	29.7240001678467	0.33237931466865
152	26.3679996490479	0.735985136576598	29.5939998626709	0.298405762434304	20.253999710083	0.947552701417472	0.966000008583069	0.00678233757615312	29.3939998626709	0.300908759346522	18.9080001831055	1.2042316255916	29.5700000762939	0.357938547219866
153	26.776000213623	0.717283595811842	30.0680000305176	0.161752822120454	20.7459999084473	0.846590999707394	1.79199995994568	0.0298998401433471	29.579999923706	0.267226373782606	19.7759998321533	1.1301176273193	29.776000213623	0.306441012457938
154	26.6259998321533	0.829376749862763	29.9059997558594	0.195463722082782	20.2900001525879	0.874797296467053	2.28399996757507	0.0280356648008327	29.4880001068115	0.287530918906931	19.2760005950928	1.22172250489516	29.6819999694824	0.310876075782718
155	26.023999786377	0.882369318368723	29.7880001068115	0.225818686275296	19.4640003204346	1.14362838701589	1.93999998569489	0.0242899194310434	29.35	0.358315405913269	18.06399974823	1.37272940355369	29.4200000762939	0.411436504893066
156	26.2319995880127	1.08337167151199	29.7800003051758	0.171143209086416	19.6120002746582	0.941474199570597	2.30199999809265	0.0333766381365532	29.2780002593994	0.349962809325177	18.503999710083	1.2649333059288	29.4639999389648	0.41291182554449
157	26.6580001831055	0.811156164644422	29.8680000305176	0.171679795755248	20.2400001525879	0.911827556753857	2.62200002670288	0.0386523160667462	29.4139999389648	0.323552155100746	18.9799995422364	1.26900350316786	29.5479999542236	0.361087253983974
158	26.6700000762939	0.796712067346628	29.8	0.274244559248986	20.2119998931885	0.846058081236174	2.61400003433228	0.0674240232476845	29.4580001831055	0.290523505253128	18.8939998626709	1.21124562359507	29.6520000457764	0.373823703727604
159	26.2639995574951	0.857371453341983	29.7979999542236	0.176674726717484	19.2680000305176	1.01161448467324	2.4960000038147	0.0366878376674052	29.1920001983643	0.289091713869142	17.9100002288818	1.33043993080097	29.4359996795654	0.324909255613907
160	26.3700000762939	0.964531001469359	29.7140003204346	0.115265099783993	19.4979999542236	1.01934490593813	2.45400004386902	0.0153622768451133	29.1639995574951	0.330765663243256	18.3279998779297	1.2703088171709	29.3779998779297	0.385453092044165
161	26.45	0.795732451633469	29.9020000457764	0.193737046371152	19.7840000152588	0.963833806998646	2.83800001144409	0.0512249901946208	29.1700000762939	0.335201385432482	18.596000289917	1.15578370859284	29.4459999084473	0.410908840678768
162	26.0379997253418	0.890788596294362	29.757999420166	0.276828576350463	18.6800003051758	1.06016524502368	2.39600005149841	0.0415451641670205	29.3599998474121	0.339867666857894	17.5680000305176	1.38241225570726	29.570000076294	0.367232744573791
163	26.1399997711181	0.921515313048744	29.8740001678467	0.135040603691734	19.5279998779297	0.903589256298443	2.67800002098084	0.037336311474168	29.5040000915528	0.208556644420744	18.9040000915527	1.27861097022056	29.6519996643066	0.265130045409847
164	26.0100002288818	0.923747766432732	29.7419998168945	0.133319026967974	18.9340000152588	0.940439312434551	2.82000002861023	0.0542217701007632	29.4440002441406	0.214653320754632	18.3540000915527	1.23848118366956	29.6159996032715	0.260434108550158
165	26.0640003204346	0.785917228291125	29.8439998626709	0.200115031311902	19.6799999237061	0.921205686996775	2.71799998283386	0.0381313462025466	29.4040000915527	0.280759552682027	18.6680000305176	1.17031361542552	29.6160003662109	0.320898717190393
166	26.1660003662109	0.730524634121525	29.9139999389648	0.129907446794797	18.8380001068115	0.848630665282525	2.3420000076294	0.0418807933386958	29.5559997558594	0.19402576609711	18.1119998931885	1.09578908754401	29.6920001983642	0.237074194614207
167	26.2499996185303	0.737590761554705	30.0219997406006	0.0895208592323452	19.3119998931885	0.824847735009179	1.74000000953674	0.0313049503902861	29.5079998016357	0.239194417494188	18.3960000991821	1.21598362811265	29.6860000610352	0.293438314035064
168	25.9059997558594	0.80769191668893	30.0380001068115	0.15130750163997	18.803999710083	0.965093793977433	1.63400001525879	0.0559999908719756	29.4040000915527	0.317420828468536	17.8779996871948	1.19879683765481	29.6840000152588	0.369304518924177
169	26.2860000610351	0.783834027073175	30.0099998474121	0.0764854348480665	19.1440002441406	0.92873880728429	0.937999987602234	0.00969536214934185	29.5559997558594	0.264037972089294	18.3360000610352	1.161931951917	29.6000003814697	0.346309014975359
170	25.8840000152588	0.570829372599876	30.0499996185303	0.113004158686544	18.9140003204346	0.965673936226831	1.1	0.0164316828192286	29.6	0.24182641365925	17.7220003128052	1.28932310557298	29.7120002746582	0.299122162731751
171	25.7399997711182	0.817422987270662	29.9360000610352	0.232434888816495	18.9560001373291	0.967427414324627	0.859999990463257	0.0137840485791249	29.5979999542236	0.245548287671536	17.2919998168945	1.42398518322621	29.7180004119873	0.347237833841256
172	25.6459995269775	0.782167329159495	29.9319999694824	0.19438111817786	18.7479999542236	1.06208021094515	0.759999990463257	0.00447213169003845	29.8040004730225	0.234725432811665	17.253999710083	1.50471774937349	29.9020000457764	0.259063498235935
173	26.4859996795654	0.724503827060648	29.9319999694824	0.327374579279146	20.0220001220703	0.908869385495422	0.640000009536743	0.0114017538327821	29.7939998626709	0.24223113074111	18.72200050354	1.27865321507969	29.926000213623	0.288922113133068
174	26.2959999084473	0.79450967741273	29.9659999847412	0.152761007309169	19.6900001525879	0.786568513140273	1.27799999713898	0.0135646654852642	29.6919998168945	0.231870516784734	18.9100002288819	1.11947757334905	29.820000076294	0.275281846174898
175	26.85	0.638607736470328	30.0380001068115	0.193762528183355	20.7900001525879	0.849735585318635	1.51799998283386	0.0152970439523665	29.7540000915527	0.235851587731742	19.8840003967285	1.08402311909227	29.833999633789	0.25829427490629
176	26.8520000457763	0.54280188850751	29.8980003356934	0.225907095220172	20.4520000457764	0.866102827605661	1.58399996757507	0.0211187207296607	29.5940002441406	0.283841708624535	19.4860004425049	1.13060430638918	29.746000289917	0.311970972838414
177	26.8659999847412	0.638659371640379	30.0099998474121	0.205109934475148	20.4319999694824	0.868023166786839	1.6059999704361	0.0276767070391992	29.7239997863769	0.28232249556294	19.0979995727539	1.09850078308051	29.8899997711182	0.302885905499023
178	26.5740001678467	0.703061892176657	29.970000076294	0.225876108020233	20.1980003356934	0.998325629231875	1.45000002384186	0.0100000083446624	29.3979995727539	0.282726020558481	18.7399997711182	1.24643082364256	29.5980003356934	0.331909789847894
179	26.8439994812012	0.627364368799377	29.8959999084473	0.269417867881101	20.4480003356934	1.03117134743862	1.11600000858307	0.0186010574983705	29.6639999389648	0.269770416250858	19.0760002136231	1.18098516243344	29.8340003967285	0.315461515156091
180	26.6040000915527	0.566679932384471	29.8579998016357	0.322543051183803	20.0180000305176	0.966764769834685	1.18800001144409	0.0106770937490226	29.6759998321533	0.296978159605648	18.5780002593994	1.26126685769467	29.8339996337891	0.332574662945311
181	26.8520000457764	0.677948535890264	29.9339992523193	0.246690122781309	20.0840003967285	0.933876921326907	1.45599999427796	0.0150333066235328	29.6319999694824	0.287095918344344	19.0040000915527	1.17075019315419	29.7479999542236	0.340872655387058
182	26.5780002593994	0.726411516791094	29.9959999084473	0.149351948333079	19.6019996643066	0.994743075308139	1.25599999427796	0.00812403065694867	29.4740001678467	0.295103540618964	18.4380001068115	1.22575428195793	29.7060001373291	0.325769577035478
183	26.7899993896484	0.690050634433656	29.9080001831055	0.226282992188512	20.1699996948242	0.963104399958983	1.56599998474121	0.0218174301959079	29.6	0.24941917666801	19.1360000610352	1.10312988224151	29.7380001068115	0.327160677266427
184	26.8879997253418	0.635141088247855	30.0439998626709	0.218988536900705	20.4880001068115	0.891988553585335	1.42000000476837	0.0114017695158047	29.6740001678467	0.297919449461333	19.3819999694824	1.16452316379077	29.8060005187988	0.32836866624624
185	26.8840000152588	0.639582671643032	30.0140003204346	0.150452639355089	20.5200000762939	0.877809869117967	1.80200002193451	0.030232428530946	29.6020004272461	0.274397476867569	19.0140003204346	1.23854195675803	29.7159999847412	0.332274068128655
186	26.3580001831055	0.672869958259568	29.8639999389648	0.175914716865759	20.3180000305176	0.875667500444632	1.4039999961853	0.0348712020501454	29.6540004730225	0.258275003410153	18.9659996032715	1.15387449501021	29.7680000305176	0.310377124793007
187	26.8439998626709	0.727423990679608	29.9040000915527	0.174659836939073	20.2860004425049	0.883604119409667	2.27599997520447	0.0263817867568899	29.566000366211	0.299208993497134	19.1299999237061	1.17312850257383	29.7659996032715	0.346332312077445
188	26.9899997711182	0.653704880216849	29.9820003509521	0.201578767852839	20.7520000457764	0.898729106005561	2.45999999046326	0.0327108633597775	29.5559997558594	0.336535306441576	19.4919998168945	1.17295935850644	29.726000213623	0.362403063821504
189	27.2159999847412	0.554514149284987	29.9720001220703	0.158094796341524	21.196000289917	0.824236664395452	3.33599996566772	0.0300998265676782	29.6820003509522	0.305375188751771	19.8620002746582	1.15011488346296	29.8080005645752	0.327756058532939
190	27.2520004272461	0.586237093147762	29.9719997406006	0.279756823145542	21.7319995880127	0.810422061418045	3.89200005531311	0.0312089899059475	29.7639999389648	0.262841956455924	20.3880001068115	1.19216756922955	29.9139999389648	0.29061314473595
191	27.3619995117187	0.560208923005127	30.126000213623	0.1686299340932	22.383999633789	0.83928306496729	4.63199987411499	0.0396736670710013	29.9139999389648	0.238255966064027	21.0880004882812	1.06689440840247	30.0360000610352	0.263070460203949
192	27.5499996185302	0.527607877358179	30.003999710083	0.192265399767637	22.7959999084473	0.797456087956766	5.85799999237061	0.0383926412188147	29.7420001983643	0.241068540205415	21.7400005340576	0.935799110781009	29.9139999389648	0.276217306116792
193	27.4619998931885	0.538427354267421	29.8200000762939	0.189050347459445	22.8119998931885	0.814502282979562	4.20799989700317	0.0455411948796024	29.5759998321533	0.293267988038793	21.5299999237061	0.955023759316717	29.7499996185303	0.304909942463914
194	26.870000076294	0.538952670891079	29.8939998626709	0.308959549043228	21.320000076294	0.880908488661667	2.78999996185303	0.031304921830269	29.5520000457764	0.300439664905588	20.1740001678467	1.06855313409516	29.7840000152588	0.329432795083482
195	26.9980003356934	0.58361283424238	29.9240001678467	0.294136072834915	21.7180000305176	0.752744096330624	2.30600004196167	0.0369594529393545	29.5380001068115	0.227539012573917	20.5680000305176	1.00776689437754	29.8060005187988	0.253231082913986
196	26.6939998626709	0.64066041720412	29.7779998779297	0.216688683800726	20.896000289917	0.96210502184491	2.22800002098083	0.0213072554324596	29.4379997253418	0.30892404078198	19.7120002746582	1.14565431238982	29.6159996032715	0.327209259714618
197	26.7740001678467	0.536615251532187	29.8619998931885	0.334565192514158	20.6120002746582	1.01132287599879	1.79999997615814	0.0342052736962379	29.4979999542236	0.32991506329644	19.4700004577637	1.1627423816301	29.6619998931885	0.35127493102093
198	26.8800003051758	0.605565912566891	29.8	0.339278443147075	20.7139999389648	0.953297504072814	1.67200002670288	0.0274590589941689	29.4880001068115	0.313151823156764	19.3560005187989	1.2536769682679	29.7220001220703	0.318926029944916
199	27.5080005645752	0.585093122729226	30.0099998474121	0.187429829806013	22.1560001373291	0.85503537225567	3.92000007629395	0.0786765749909309	29.6940002441406	0.280153580616713	21.0939998626709	1.08624391939241	29.7900001525879	0.262906682070397
200	27.6440002441406	0.582766004070178	29.97799949646	0.165933565473252	23.2180000305176	0.702163896637534	5.32399997711182	0.0873841497736182	29.8559997558594	0.242602499593242	22.223999786377	0.936944966917884	29.9759998321533	0.233700643589782
201	28.1520000457764	0.516608432743288	29.8	0.206639819195947	23.9499996185303	0.656665861364864	6.32999992370605	0.136418459071704	29.9860000610352	0.206460887539426	22.746000289917	0.805813793179287	29.9979999542237	0.173793007162
202	28.3240001678467	0.383231066490586	29.8100002288818	0.216979388792173	24.6400001525879	0.652127300589691	7.52799997329712	0.245589077748908	29.9640007019043	0.210466165174732	23.5119998931885	0.769274993282237	29.976000213623	0.17862257929285
203	28.8919998168945	0.266784625107808	29.6839996337891	0.219216818757583	25.1079998016357	0.4849679482636	10.6280000686646	0.563732285532955	30.1400001525879	0.13038399690401	24.6299999237061	0.680029463802907	30.2199996948242	0.127867009634027
204	28.8320003509521	0.233781996584224	29.4099998474121	0.222013444201399	25.1680004119873	0.489074573751515	9.04800033569336	0.249287019771642	30.1220001220703	0.182931757016859	24.4959999084473	0.753104324743368	30.1439998626709	0.136550385674201
205	28.6279998779297	0.248060481172208	29.2700004577637	0.30794489600459	25.1920001983643	0.462486718740829	10.2	0.237571008125987	29.9660003662109	0.24268495625263	24.7619998931885	0.780713759530007	30.0419998168945	0.174338767429768
206	28.7939998626709	0.212075542018607	28.8860004425049	0.299909932132927	25.95	0.361648953532942	10.6719999313354	0.2378738464873	30.2240001678467	0.116901824582238	25.7419998168945	0.582806895813425	30.1659999847412	0.0700429767017527
207	28.9200000762939	0.215847177697404	28.7139999389648	0.324015522573301	26.5419998168945	0.349047229970495	12.0579999923706	0.242412887216838	30.1	0.103923224647575	26.5600002288818	0.454477880025734	29.9979999542236	0.0940957719429488
208	28.9299995422364	0.275880352319246	28.7039993286133	0.4139153798555	26.570000076294	0.414933702251833	13.5140001296997	0.222454577029248	30.1619998931885	0.104613653554929	26.4639999389648	0.479422478846502	30.1520004272461	0.0664379199528961
209	29.103999710083	0.304706450833062	28.7380001068115	0.384127442689559	26.7940002441406	0.413419799868739	15.7020000457764	0.362427936752114	29.8940002441406	0.150950500257165	26.6840000152588	0.487561476899275	29.8560001373291	0.130713388076528
210	28.9240001678467	0.346577560309657	28.6900001525879	0.407553753262225	27.0720001220703	0.475735416078648	18.3639999389648	0.624040003252391	29.7420001983643	0.131049696079171	27.0080005645752	0.375651304540745	29.6459995269775	0.146444422624784
211	29.1880001068115	0.287043368821102	28.9959999084473	0.411504364268726	26.8	0.4608143315644	18.553999710083	0.534655063114811	29.7200000762939	0.202854823324044	26.629999923706	0.389974247889255	29.7360000610352	0.164669256728028
212	28.9959999084473	0.264605306650407	28.8919994354248	0.497568142864123	26.3699996948242	0.382465502012344	18.6419998168945	0.515940041821505	30.0040000915527	0.128786527263398	26.3799999237061	0.36585504112647	30.0619995117188	0.0988635575225915
213	28.9700000762939	0.316291170961087	28.729999923706	0.517165164559775	26.6739997863769	0.446773017977741	19.4619995117187	0.677047953858328	29.753999710083	0.204196092194314	26.7240001678467	0.306212489706078	29.9040000915527	0.16011234649785
214	28.9220001220703	0.297445784967979	29.0779998779297	0.444369209709079	26.5639999389648	0.488739452574224	18.5739997863769	0.402946783352696	29.5940002441406	0.220966297359073	26.5819999694824	0.31359839109492	29.8399997711182	0.157860626073866
215	29.1840000152588	0.258739284540517	29.2520000457764	0.381462944140983	26.8459995269775	0.465280650429381	19.9139999389648	0.374628012094323	29.7500003814697	0.154498992669942	26.8360000610352	0.297263963786952	30.0280002593994	0.123709260403906
216	29.3159999847412	0.183591914635403	29.273999786377	0.383583199181133	26.7559997558594	0.326980187588813	21.05	0.803958761296395	30.0919998168945	0.101261992019998	26.9599998474121	0.266233027673973	30.2780002593994	0.108184918228036
217	29.3419994354248	0.193891956761168	29.4319999694824	0.276213758785896	26.6659999847412	0.433781235401918	21.4299999237061	0.3897562016159	30.0619995117188	0.0641403479699195	26.8000003814697	0.312602170309834	30.223999786377	0.121515627197684
218	29.4059997558594	0.197626171477995	29.3680000305176	0.395466931066311	26.5340000152588	0.402847390881509	22.0299999237061	0.431879521170994	30.2119998931885	0.0445420124748088	26.7520000457763	0.319974966882177	30.3340000152588	0.113868480575741
219	29.3759998321533	0.249611611119543	29.5200000762939	0.333241691834969	26.3540000915527	0.508994993249008	22.6579998016358	0.707314882799482	30.2180000305176	0.0359723031213097	26.629999923706	0.410146429942088	30.3779998779297	0.135587663621656
220	29.4620002746582	0.272238988788589	29.3979999542236	0.439413404038255	26.4820003509521	0.535204456029162	23.4359996795654	0.592634705295743	30.2159999847412	0.0337046574948353	26.6200000762939	0.456694818998047	30.3339996337891	0.147871683169088
221	29.3200000762939	0.357533057651922	29.5560001373291	0.267237674725216	26.3860000610352	0.610185045272796	23.8160003662109	0.401118380036976	30.2840000152588	0.0405709326973231	26.6240001678467	0.524200422817961	30.2919998168945	0.149077295416118
222	29.4639995574951	0.347139724128003	29.4260002136231	0.367050541466628	27.2000003814697	0.536628427497687	23.7279998779297	0.478982073932306	30.2980003356934	0.0595317390489748	27.2139999389648	0.455088773329796	30.3400001525879	0.149365230991191
223	29.3439998626709	0.43802498755755	29.2180004119873	0.387445699930918	27.2840003967285	0.536344933973376	23.5320003509521	0.720794149866681	30.2719997406006	0.0365238450434897	27.2819999694824	0.561180873238341	30.2439998626709	0.180155482808286
224	28.9319999694824	0.499523854874642	29.1280002593994	0.363626095064432	27.423999786377	0.535056919442756	22.279999923706	0.473381523786493	30.1320003509521	0.0411584410909727	27.2599998474121	0.609286694135112	30.0199996948242	0.187936178047511
225	29.0940002441406	0.51601949706694	28.9480003356934	0.474187684899443	27.6399997711182	0.545334627296104	22.7959999084473	0.422263301642292	30.2040000915527	0.0294278644595978	27.6019996643066	0.535531386053181	30.1520000457764	0.13406712726733
226	28.9140003204346	0.630956418607585	28.9100002288818	0.429802367813941	27.2159999847412	0.647561573992232	23.1360000610352	0.433861648815795	30.3279994964599	0.0367968762444386	27.2800003051758	0.648359297395144	30.3560001373291	0.121268034484844
227	28.8599998474121	0.596347251270594	28.7940002441406	0.524810458367526	28.0659999847412	0.482023127115907	23.8580001831055	0.470131929605701	30.1519996643066	0.0871434749682509	28.0439998626709	0.450284276967684	30.2219997406006	0.127334205451433
228	29.0579998016357	0.50623514919022	29.0360000610352	0.392206702289276	28.0319995880127	0.539448020912921	25.1299999237061	0.55933014111223	30.2880004882812	0.0671862106982342	27.966000366211	0.548786021711337	30.3780002593994	0.101803689049909
229	29.1520000457764	0.427240159351734	29.12200050354	0.475030585354372	27.7880001068116	0.647884126299052	25.9060005187988	0.527698634912961	30.3340000152588	0.0604647829320017	27.7920001983643	0.642171087433843	30.4020004272461	0.090520834448045
230	29.0340000152588	0.439881806000413	29.1859996795654	0.517248532572976	27.3139999389648	0.842648255151107	25.9399997711182	0.474109610925599	30.3099998474121	0.0639533189766747	27.4019996643066	0.769372395227394	30.3659999847412	0.107452184573805
231	29.1080001831055	0.434584968081681	29.1700004577637	0.529065135573007	27.6040000915527	0.727465493700699	26.4040000915527	0.315762477045414	30.3440002441406	0.0893646643155478	27.7200000762939	0.691201801130429	30.3999996185303	0.0899444926012605
232	29.3659996032715	0.409653573551514	29.3100002288818	0.392581230650849	28.3060001373291	0.596603841384478	26.7400001525879	0.270499749710793	30.3419998168945	0.0808952088854263	28.2840003967285	0.575678897404601	30.3580001831055	0.0987117657393275
233	29.6259998321533	0.402549375626137	29.3059997558594	0.581520214959562	28.2840000152588	0.635213483160993	27.3499996185303	0.258089270975508	30.4439998626709	0.0952154286042552	28.3839996337891	0.58820570459024	30.4540000915527	0.0869252019725209
234	29.72200050354	0.413308744876426	29.7060001373291	0.338209998066855	28.4799999237061	0.58819230806686	27.3839996337891	0.346548598543391	30.4380001068115	0.127882962364165	28.7060001373291	0.501134604838063	30.4119998931885	0.10432633054961
235	29.6159996032715	0.445046166569075	29.4479995727539	0.45023756361868	28.1619998931885	0.653646661600505	26.4840000152588	0.403987384070486	30.3459999084473	0.139233828032114	28.4420001983643	0.536193945470146	30.3360000610352	0.127145675733487
236	29.4359996795654	0.577361150376898	29.4140003204346	0.482655027066546	28.2240001678467	0.582594382031028	25.0599998474121	0.428940385815856	30.3179996490479	0.151637737849401	28.5619998931885	0.46280029488493	30.2900001525879	0.155144950032811
237	29.7700000762939	0.425664293444462	29.4720001220703	0.466705511636325	28.3540000915528	0.522605106773574	23.7839996337891	0.335940305538856	30.4620002746582	0.126190367017878	28.6940002441406	0.430808523797623	30.4320003509521	0.112977843011541
238	29.6200000762939	0.503080544880817	29.2060001373291	0.533072133262933	28.5540004730225	0.477415823406353	22.2759998321533	0.497901717265785	30.4439994812012	0.1395205762448	28.7700004577637	0.399349445988115	30.4000003814697	0.100598219062337
239	29.5640003204346	0.509672358850169	29.4939998626709	0.430285892707348	28.4920001983643	0.438410558976529	21.2680004119873	0.395580553708173	30.5819995880127	0.135955831816689	28.7319995880127	0.372711730711878	30.5479999542236	0.0735798151453377
240	29.6719997406006	0.478386796369855	29.5939998626709	0.420245225415273	28.8800003051758	0.363111562037116	19.1980003356934	0.321315929988968	30.5880001068115	0.100568514950613	28.9939998626709	0.314429681142868	30.470000076294	0.0939680179815235
241	29.6280002593994	0.478177739939458	29.5720001220703	0.449348480265587	29.0580001831055	0.285068595956638	17.5979999542236	0.488481162919457	30.6100002288818	0.0669327097945699	29.179999923706	0.240520207561536	30.5099994659424	0.0546808708319523
242	29.7400001525879	0.502105562106904	29.7979999542236	0.398200872711429	29.2340000152588	0.257926365391509	15.9459997177124	0.260721966063999	30.6760002136231	0.0773046716108907	29.4180000305176	0.18232950230036	30.5640003204346	0.0590424362421102
243	29.4540000915527	0.557356357547634	29.7940002441406	0.383713301682711	29.170000076294	0.224209563659355	13.4460000991821	0.451116493472596	30.5659999847412	0.0483321930502166	29.346000289917	0.137644550650042	30.4979999542236	0.0326192039529196
244	29.6420001983643	0.552525130529855	29.8580001831055	0.374878651142409	29.1579998016358	0.224552847370695	11.2660001754761	0.237078051225238	30.6599998474121	0.0841426782955063	29.3979999542236	0.109608250590267	30.603999710083	0.0386781026007055
245	29.4100006103516	0.581953608168169	30.0340000152588	0.322700993890083	28.85	0.2502599911521	8.42800006866455	0.183150266020162	30.6220001220703	0.0624018138674736	29.1799999237061	0.154693203661195	30.6000003814697	0.028107005148868
246	29.1780002593994	0.65174674667994	30.1200000762939	0.255695340279151	28.4500003814697	0.379894731496832	6.63799991607666	0.207542762431298	30.6060001373291	0.0778844831890999	28.6980003356934	0.275452441006618	30.6299999237061	0.0538516232792172
247	28.8060001373291	0.639175808142572	30.0400001525879	0.40982920024497	27.0360000610352	0.521235144299703	3.76000003814697	0.0456070101034467	30.5579998016357	0.0724845113062843	27.4759998321533	0.401380152219941	30.6120002746582	0.0745252338661874
248	28.7319999694824	0.64235023588877	30.1180000305176	0.290489241881816	26.7040000915527	0.603329065888779	2.38000001907349	0.0137840874967282	30.5219997406006	0.0821826477709075	27.0660003662109	0.479641381988925	30.5540004730225	0.0756043081682969
249	28.623999786377	0.688139664956476	30.1759998321533	0.211721449547564	26.4340000152588	0.639864290440395	2.30999994277954	0.0194935700990839	30.45	0.0784218821997017	26.8459999084472	0.507824712578577	30.4860000610352	0.0734577680443008
250	28.6800003051758	0.672911622977147	29.9619998931885	0.293025626536372	26.520000076294	0.641693094569732	2.27599997520447	0.0193907009372336	30.3700000762939	0.0959688049337238	26.9599994659424	0.489724493931108	30.4219997406006	0.0827283614996089
251	28.6319995880127	0.660207511022953	29.9920001983643	0.230117397400479	26.5659999847412	0.614016348220503	1.67599999904633	0.0153623032286574	30.3840000152588	0.114175195759146	27.0700000762939	0.485015388480623	30.4479999542236	0.0887354716705036
252	28.603999710083	0.638690797801234	29.846000289917	0.365371205861351	26.146000289917	0.636369385064576	1.45	0.0126491268505085	30.4019992828369	0.119222419796311	26.62799949646	0.529673584248123	30.4519996643067	0.0874872868488375
253	28.6119995117188	0.702291868021705	30.1139995574951	0.281506508570785	26.2560001373291	0.623069900926498	1.50799999237061	0.0128062362618759	30.4159999847412	0.106423491814729	26.7	0.541950308981838	30.4179996490478	0.0808948151315674
254	28.2980003356933	0.771863901267675	29.9719997406006	0.194329789318783	25.9220001220703	0.654090078105886	1.42999999523163	0.00948684906469212	30.2459999084473	0.147024046196592	26.3639999389648	0.558109167255945	30.3540000915527	0.125761595842113
255	28.3659999847412	0.697858228774061	29.7799999237061	0.339632051183452	26.0719997406006	0.633296171689588	1.36600000858307	0.0102956203223086	30.2919998168945	0.155157894117568	26.5939998626709	0.512645923722379	30.3720001220703	0.110471580268625
256	28.5080001831055	0.679274468400726	30.0419998168945	0.322945708563134	26.0639999389648	0.586290122136758	1.26399998664856	0.00927360965148459	30.4520000457764	0.111687026746206	26.5659999847412	0.507006842633004	30.4840000152588	0.0804113563910711
257	28.5279998779297	0.72249149136403	30.0759998321533	0.225202000930817	26.0220001220703	0.611264430038459	1.60200002193451	0.00663324325475119	30.3239994049072	0.121309581094712	26.479999923706	0.538702124218718	30.3520004272461	0.088396859882318
258	28.4360000610352	0.721017496052861	29.8860004425049	0.297314563794666	25.9240001678467	0.686167770645576	1.45199999809265	0.00916517126430428	30.1859996795654	0.16329731688677	26.4180000305176	0.571501440505349	30.276000213623	0.114743321044123
259	28.4959999084473	0.805366950651395	30.0560001373291	0.322499496909129	26.0639995574951	0.597583539656486	1.82000000476837	0.0240831909395514	30.3819999694824	0.142456894950898	26.5819995880127	0.47825113084008	30.4639999389648	0.0650077743581237
260	28.5520000457764	0.693710319976161	30.1859996795654	0.260030734343851	26.2159999847412	0.587729704915004	1.88399999141693	0.00871778957314176	30.5580001831055	0.0945198675999934	26.7020004272461	0.464385705771626	30.576000213623	0.0466475870279072
261	28.6540000915527	0.709017469570253	30.1100002288819	0.27515446406606	26.1400001525879	0.632099473814706	2.87399997711181	0.0132665332353882	30.3759998321533	0.100677874701487	26.6159999847412	0.504227990777969	30.4319999694824	0.0775501380437976
262	28.823999786377	0.6003881842115	30.1099998474121	0.287923795075564	26.6920001983643	0.548000018266061	4.85	0.0137840529034123	30.466000366211	0.104288073789034	27.1939998626709	0.409421617284042	30.5020000457764	0.0599500150376403
263	29.2139999389648	0.493483282190693	30.2059997558594	0.22580086247677	27.6579998016357	0.427883119310552	8.58800010681152	0.0300664879581738	30.4399997711182	0.0887693546309049	28.0700000762939	0.29398982921847	30.45	0.0679703697278172
264	29.6000003814697	0.400724391564127	30.2499996185303	0.195576145299663	28.0340000152588	0.366941488377952	8.66399993896484	0.0348713196487195	30.5220001220703	0.0630396031232833	28.4659999847412	0.260856391597811	30.523999786377	0.0524978541350766
265	29.7700000762939	0.345919090049989	30.15	0.272580400557532	28.4419998168945	0.325567253771028	11.9280000686646	0.148640465216535	30.4200000762939	0.0775241558207699	28.7720001220703	0.269469892133068	30.4679996490479	0.0985089418644566
266	29.7340000152588	0.359132277046296	30.1899997711182	0.234414048667745	27.8840003967285	0.455506281268218	9.06000022888184	0.294278735317499	30.4479995727539	0.0884534441376399	28.2859996795654	0.277481399297732	30.5220001220703	0.0485180515637995
267	29.6199996948242	0.362946281010291	30.2440002441406	0.29118043332969	27.7800003051758	0.471232332500504	8.7579999923706	0.51672422402907	30.5459999084473	0.0957391174348107	28.2359996795654	0.38638859592942	30.5220001220703	0.0522876077769064
268	29.4380004882813	0.40863678745695	30.1099998474121	0.249519264043451	27.2439998626709	0.504723765960753	6.64200000762939	0.124835939761293	30.5	0.0915424557777006	27.7699996948242	0.353029925107355	30.4899997711182	0.030659561275079
269	28.8719997406006	0.569591093137915	30.1719997406006	0.169510976160524	26.2919998168945	0.574259472022784	3.39400005340576	0.0150333248618125	30.5420001983643	0.0949419744671571	26.7819999694824	0.434688423310486	30.5780006408692	0.0428252354746632
270	28.6359996795654	0.619334961417192	30.0220001220703	0.289056901365944	25.9220001220703	0.621018309294197	2.41000008583069	0.00836659228632981	30.4399997711182	0.10222529561078	26.3439998626709	0.469495207025856	30.4840000152588	0.0470744048085591
271	28.4799999237061	0.67233154734032	30.0680000305176	0.21378510860771	25.8940002441406	0.647831889975421	1.46000003814697	0	30.4360000610352	0.0812773399958569	26.3420001983643	0.479097379561684	30.4340000152588	0.0283901641275147
272	28.5560001373291	0.641339422154842	30.1319999694824	0.245955363682299	25.8939998626709	0.598386113828836	1.60800001621246	0.00489897481353517	30.5219997406006	0.103460204504129	26.3279998779297	0.501352478830338	30.5340000152588	0.0419046751640514
273	28.5279994964599	0.678213840115491	30.12200050354	0.193142367809829	26.6119998931885	0.517681332811435	1.89599997997284	0.00748330763690302	30.4500003814697	0.106817403700281	26.97799949646	0.491328918578704	30.4300003051758	0.0404968041940519
274	28.9860000610351	0.566715086519162	30.2980003356934	0.198957308766897	26.8939998626709	0.527433457054546	3.92800006866455	0.0149666152738067	30.5839996337891	0.078460134114657	27.2779998779297	0.432555381995291	30.5400001525879	0.0478539237306851
275	29.0200004577637	0.581145467501571	30.1860000610352	0.280759661378396	27.9180000305176	0.315711882428126	5.36199998855591	0.0421188493987499	30.6099998474121	0.0703564370107752	28.1479999542236	0.271852904544003	30.5020004272461	0.0475814916965049
276	29.2219997406006	0.527838809088702	30.2520000457764	0.244221310604807	27.6659999847412	0.391427989100576	6.4	0.0192353161382378	30.5879997253418	0.067926592754426	27.9479999542236	0.310199833996968	30.4700004577637	0.0457164376983636
277	28.9799999237061	0.570911332255887	30.2940002441406	0.207330826113673	27.7099998474121	0.358524768266421	3.75599999427795	0.021587012557924	30.5940002441406	0.0459997260058522	27.9839996337891	0.268841789404375	30.5339996337891	0.0428485987043698
278	28.6939998626709	0.582430950070329	30.1139999389648	0.315556498769168	26.6040000915527	0.559505231394829	2.66800003051758	0.0235372216498639	30.5000003814697	0.0630872943935629	26.9899997711182	0.46416604763986	30.4560001373291	0.0452326325026923
279	28.45	0.63629396303952	30.2159999847412	0.252895449209155	25.953999710083	0.619988657989149	1.13399999141693	0.00599999427795466	30.5500003814697	0.0974165601467213	26.4180000305176	0.527289529200472	30.5659999847412	0.0436576756748895
280	28.5340000152588	0.712366674152088	30.2059997558594	0.31029996151526	25.9719997406006	0.668486199783707	0.972000014781952	0.00663325313906646	30.5579998016358	0.0904102436751473	26.4179996490478	0.524036430330189	30.5419998168945	0.0395476360647042
281	28.3619998931885	0.6355028410818	29.8520000457764	0.31601257328191	25.6340000152588	0.647028720672295	0.742000007629394	0.00199999809265139	30.3740005493164	0.126198291666684	26.0759998321533	0.567076830131006	30.4400001525879	0.0550455868540919
282	28.3959999084473	0.668958739418197	30.1200004577637	0.274918099987065	25.4940002441406	0.647723448432664	0.825999987125397	0.00599999427795396	30.5119998931884	0.121425015706031	25.8279998779297	0.471289668688787	30.5100002288818	0.0529149036669724
283	28.403999710083	0.674756154911801	29.8920001983642	0.311020976938569	25.5520000457764	0.659085659566944	0.794000017642975	0.00244948740676775	30.5060001373291	0.100079933568521	25.9900001525879	0.460087147957729	30.5360000610352	0.0463247273282744
284	28.5240005493164	0.678561844505624	30.1379997253418	0.265902191392965	25.5419998168945	0.635511020111691	1.40399997234345	0.00871778957314027	30.5119998931885	0.125594811968125	26.2440002441406	0.469058914307187	30.4939998626709	0.0305942250609531
285	28.379999923706	0.691411817763218	30.1520000457763	0.182384111204505	25.4159999847412	0.722098365888214	1.92200000286102	0.00800001919270433	30.5140003204346	0.130138361967883	26.079999923706	0.52315399286474	30.5120002746582	0.0292233924820443
286	28.420000076294	0.677148274636353	29.9440002441406	0.0914659050962641	25.0979999542236	0.682271442818697	1.7579999923706	0.0106770680695755	30.4599998474121	0.132325524094359	25.7259998321533	0.474548322960498	30.4779998779297	0.0606135200250485
287	28.3840000152588	0.703538340951939	30.1559997558594	0.172383388921252	25.6159999847412	0.654649508215826	1.37999999523163	0.00632454928877121	30.4020004272461	0.104995421246452	26.0699996948242	0.483228582690124	30.5	0.0457165628625262
288	28.4419998168946	0.640393593054559	29.6360000610352	0.101074022418735	25.6859996795654	0.617143417741894	1.15799996852875	0.00489897481353697	30.1580001831055	0.100965291999958	26.2579998016358	0.527365196627008	30.2919998168945	0.0800874228597641
289	28.420000076294	0.713778831527674	29.7000003814697	0.170616560619141	25.5599998474121	0.673104560619709	1.1599999666214	0.00316227464438638	30.35	0.11493462337995	26.1059997558594	0.519216681508389	30.4400001525879	0.0725257948671616
290	28.3800003051758	0.712825234372618	29.8880001068115	0.166535401896739	25.5560001373291	0.708354354565695	1.18800003528595	0.00200002193451003	30.1880004882813	0.128467821300256	26.1300003051758	0.592595972650161	30.2959999084473	0.0860000144605814
291	28.3840000152588	0.685059172409376	29.9520004272461	0.291708659011042	25.5559997558594	0.670675783923322	1.13399999141693	0.00399999618530398	30.2720001220703	0.156153675192204	26.0860000610352	0.569706702133508	30.3339996337891	0.0676460566714482
292	28.370000076294	0.692437826512443	29.7199996948242	0.31726949275075	25.4440002441406	0.678451183646055	0.988000011444092	0.00489897481353553	30.3979999542236	0.16927511527559	25.9019996643066	0.485297800185116	30.4600002288818	0.0615631146866704
293	28.303999710083	0.772059603480405	29.7760002136231	0.247196109094326	25.35	0.701519637547472	1.1559999704361	0.00244948740676848	30.3179996490479	0.145237816619831	25.9060001373291	0.486935482302606	30.3819999694824	0.0914004493690167
294	28.3179996490479	0.727711436123719	29.9259998321533	0.219148422182072	25.8059997558594	0.665534223976319	1.20400004386902	0.00509901465078827	30.2419998168945	0.143157235246195	26.2879997253418	0.552099637216653	30.3399997711181	0.0886001439288797
295	28.4140003204346	0.664685054101325	30.0560001373291	0.285071911329399	25.5040004730225	0.679519060475311	1.32599999904632	0.0180554766348493	30.3559997558594	0.168955549455122	25.9419998168945	0.585451747948623	30.4599998474121	0.0736886802109886
296	28.4860000610351	0.668914034042949	29.8	0.364170454504683	25.5919998168946	0.658797482609577	1.0980000257492	0.00969535046861636	30.4259998321533	0.135299617670629	25.9700000762939	0.525033522707373	30.4400001525879	0.0656505821141782
297	28.4919998168945	0.689227255306586	30.0119998931885	0.179844432616824	25.7840000152588	0.673064691209048	1.4539999961853	0.0211187196007174	30.379999923706	0.127357818313367	26.2100002288818	0.557377917757612	30.4119998931885	0.0827886173926729
298	28.4479999542236	0.692382887605854	30.1379997253418	0.300173085343468	25.8679996490478	0.650710421460365	1.23999998569489	0.0178885467521646	30.4120002746582	0.118000056380193	26.3619998931885	0.529881028710126	30.4659999847412	0.0764590284549068
299	28.5659999847412	0.740598370722214	30.2519996643066	0.315711798452376	25.95	0.642736208233286	1.35799999237061	0.0131909150678077	30.5439998626709	0.10400024560794	26.4380004882813	0.518896903409938	30.423999786377	0.0778846766553085
300	28.4340003967285	0.697169971872613	30.1299999237061	0.341291528655126	25.7159999847412	0.670168734856224	1.26199998855591	0.0135646470299823	30.5220001220703	0.0932418246947774	26.2680000305176	0.5896557290483	30.5180000305176	0.0686583107746307
301	28.4599998474121	0.731395729450585	30.0980003356934	0.360186194398204	25.742000579834	0.638877067644683	0.976000010967255	0.00509902400234016	30.5280002593994	0.133543906089209	26.2419998168945	0.540244409859739	30.4280002593994	0.0658330501635204
302	28.376000213623	0.720885543256691	30.2180000305176	0.245140774543697	26.0540000915527	0.636384975950915	0.789999997615814	0.004472145018046	30.5159996032715	0.114087565070464	26.5860000610352	0.540292566291655	30.5119998931885	0.0336750415435386
303	28.4579998016357	0.739008751245714	30.2339996337891	0.232434968414111	25.7059997558594	0.628670006870921	0.883999991416931	0.00748330763690275	30.5679996490479	0.142947352127976	26.0859996795654	0.481721891572012	30.5079998016357	0.0339704771348
304	28.4540000915527	0.668495528007211	29.8240001678467	0.328916342050351	25.5159999847412	0.668644715240156	0.5	0.00316227464438544	30.4959999084473	0.123959569185214	25.9920001983643	0.451767688060936	30.4879997253418	0.0407920844768877
305	28.3519996643066	0.689495631059633	29.9379997253418	0.249106146068981	25.55	0.619862899634535	0.701999986171722	0.00199999809265139	30.3699996948242	0.111130514379677	25.7760002136231	0.391287462365508	30.3440002441406	0.0420235618629968
306	28.7459999084473	0.652538197991738	30.1279998779297	0.271005693551991	25.5400001525879	0.694852625418564	1.02599997520447	0.00678232351499057	30.5659996032715	0.105005003601551	26.1399997711181	0.432376946821288	30.4540000915527	0.0551905599679439
307	28.6180000305176	0.602854833637001	30.1240001678467	0.172441175255248	25.5679996490479	0.775373437368584	1.57599999904632	0.0128841104958339	30.5059997558594	0.122906438583702	26.0299999237061	0.458682906064862	30.4880001068115	0.0464112034075739
308	28.746000289917	0.607343631277493	30.1400001525879	0.110317723655891	25.5939998626709	0.701010613735308	1.72400000095367	0.0267581672856625	30.5099998474121	0.116661926246066	26.0059997558593	0.46751045254538	30.4880001068115	0.0618386531850684
309	28.6520000457764	0.598259049891964	30.0639999389649	0.176227060933022	24.7700000762939	0.82977114066112	2.33799991607666	0.0131908933784439	30.5319999694824	0.125952592560077	25.4759998321533	0.538271484343174	30.5099998474121	0.0502991758919547
310	28.7280002593994	0.651938667864693	30.1240001678467	0.24758028193342	25.82200050354	0.627816688668721	1.70200002193451	0.00860233230682446	30.5719997406006	0.121177645522487	26.2479999542236	0.471162404240248	30.5539993286133	0.0452327337045717
311	28.4139995574951	0.654748977363226	30.0840000152588	0.181895438455976	24.0320003509521	0.865201845034314	1.34200003147125	0.00583094633401654	30.5099998474121	0.119791584225293	24.8400001525879	0.499640027509174	30.4819999694824	0.0494368757559754
312	28.5459999084473	0.627388394514024	30.1700000762939	0.275844266630734	25.2239997863769	0.753674907976149	1.28799996376038	0.00860231706322507	30.5540000915527	0.143687065293294	25.9400001525879	0.42425220871531	30.583999633789	0.0570613127110792
313	28.6020000457764	0.694768993556053	29.9840000152588	0.330659927894381	25.5579998016358	0.662113379366604	1.42799999713898	0.0073484897982698	30.5920001983643	0.127295157104216	25.9819999694824	0.453127026547929	30.5139999389648	0.0612045953114769
314	28.2219997406006	0.712028175610912	29.8259998321533	0.162622130947311	24.966000366211	0.757777005289898	1.36200001239777	0.00734846222030319	30.4379997253418	0.109105657202944	25.7360000610352	0.512001941766682	30.4220001220703	0.0466262378691638
315	28.3819999694824	0.702946782437996	29.8819999694824	0.206576981205324	25.4479999542236	0.632909134162988	1.13799998760224	0.00489897481353577	30.3400001525879	0.1266094082033	26.0099998474121	0.48473697774319	30.357999420166	0.0601165080271102
316	28.5360000610352	0.668151125436579	29.926000213623	0.293829892700074	25.7360000610352	0.626742375489168	1.22800002098084	0.011575825863212	30.5019996643066	0.125195872293372	26.2179996490478	0.464105588671958	30.4980003356934	0.0537958867995408
317	28.7079998016357	0.622827222326471	29.929999923706	0.225344074211675	26.3639999389648	0.58856285129076	1.26999998092651	0.0114017433774313	30.55	0.093327309641585	26.7299999237061	0.450588630467888	30.5020000457764	0.0543507637822526
318	28.5580001831054	0.70360073322221	29.6740001678467	0.166391199895393	25.6520000457764	0.683808337033791	1.66399998664856	0.0102956353745439	30.4759998321533	0.081706835162735	26.170000076294	0.562814292621137	30.4759998321533	0.0351567120209207
319	28.6420001983642	0.713333203436376	30.0599998474121	0.200673695961947	25.8180000305176	0.629899994751182	2.00799999237061	0.0111355181059922	30.5080001831055	0.0849943572923764	26.2779998779297	0.508580439564011	30.5119998931885	0.0410364206962837
320	28.6839996337891	0.681759637924718	29.9359996795654	0.405618055926694	25.8100002288818	0.670216469141909	1.48000001907349	0.00894426338007568	30.5979999542236	0.10307279699403	26.2099998474121	0.488067727767282	30.5179996490478	0.0601165111999264
321	28.4099998474121	0.617138693617632	29.8720001220703	0.283326868466837	25.2900001525879	0.734227484093263	1.63799998760223	0.00583094633401604	30.5479999542236	0.10664879926622	25.9659999847412	0.553394884640269	30.5360000610351	0.0430813570638773
322	28.6200000762939	0.672592287729689	29.7319995880127	0.135329316522947	25.3159999847412	0.746937579088825	1.70600001811981	0.00979796544385795	30.4680000305176	0.0879430443510664	25.8380001068115	0.582704193815628	30.4159999847412	0.0478121894778476
323	28.8140003204346	0.613380955196338	30.2219997406006	0.203798899992635	25.9	0.662049821770999	1.41599998474121	0.0112249795093784	30.5660003662109	0.0908623964999171	26.1900001525879	0.476686362777787	30.4419998168945	0.0522874472738534
324	28.6239997863769	0.605322993090848	29.9079998016357	0.310956498614928	25.35	0.716610346398363	1.21600003242493	0.00678232351499056	30.4379997253418	0.123345135229073	25.7840000152588	0.49866417701804	30.4179996490478	0.0577407310283541
325	28.370000076294	0.668408544112117	29.7819999694824	0.165209093995497	25.1620002746582	0.822613973319074	1.72600002288818	0.012083034450303	30.4259998321533	0.108101769146994	25.820000076294	0.582262568009428	30.4259998321533	0.0485388240569823
326	28.4560001373291	0.631146778923952	29.8940002441406	0.241611243111495	25.4360000610352	0.71896865224616	1.53799996376038	0.00663324325475148	30.4059997558594	0.090144307813087	25.8959999084473	0.504356765723844	30.3420001983643	0.0547176801496274
327	28.8979999542236	0.582935647373645	30.1860000610352	0.271322532807607	26.0379997253418	0.669555219576716	1.39199998378754	0.0188148697789508	30.5939998626709	0.103130833612452	26.4439998626709	0.449628745883501	30.4979999542236	0.0733075449018263
328	28.8300003051758	0.567423982343548	29.9020000457764	0.320895402260577	25.5919998168945	0.704225758659113	1.94400000572205	0.0163095193821874	30.4899997711181	0.123652878074204	26.0459995269775	0.539820169372994	30.4299995422363	0.0552266531249904
329	28.8480003356934	0.610797766723829	29.9080001831054	0.207374050329291	25.7939994812012	0.706431870735833	2.68800005912781	0.014966615273806	30.4639999389648	0.0936802445571889	26.2599998474121	0.505430677571521	30.4360000610352	0.0507540738586523
330	28.9600002288818	0.584619380601793	30.1219997406006	0.252950577564053	26.103999710083	0.689402870191773	4.04000005722046	0.014491362926253	30.5479995727539	0.101410105844188	26.5459999084473	0.495949498036032	30.4700000762939	0.0582237779272994
331	29.003999710083	0.550305410435043	30.0680000305176	0.315664489475599	26.0580001831055	0.68954635591539	5.19599990844727	0.0398246158387601	30.5520000457763	0.0989140792379175	26.5459999084472	0.399344468150016	30.4700000762939	0.0710633412823068
332	29.1840000152588	0.511904042952765	30.1700000762939	0.289568478063872	26.4879997253418	0.662679524016213	4.65999984741211	0.0699285330388995	30.6060001373291	0.0929838911486114	26.9459999084473	0.375640802979719	30.5640003204346	0.0573236769303133
333	29.396000289917	0.452864127222124	30.2740005493164	0.248487327912723	26.5140003204346	0.687514510833209	5.58999996185303	0.0248997371492127	30.6400001525879	0.0874068792473463	27.0419994354248	0.436570801768359	30.5560001373291	0.0858834736962409
334	29.6780006408692	0.427719498278685	30.2699996948242	0.298496305893376	26.8659999847412	0.743307455870965	7.58600006103515	0.153479685976929	30.6860000610352	0.0758681277545856	27.6020000457764	0.42634978234069	30.6160003662109	0.0652381389264022
335	29.5119998931885	0.420254591499841	30.2320003509521	0.271134666738509	26.5900001525879	0.636341306299123	6.53400001525879	0.16734990538774	30.696000289917	0.0708942770604369	27.1740001678467	0.387254217136081	30.6119995117188	0.0782560215789363
336	29.5640003204346	0.348749117592468	30.2780002593994	0.205289974878038	26.8680000305176	0.553329896876409	5.3539999961853	0.250251845582613	30.5399997711182	0.0896101897920042	27.620000076294	0.363235409784397	30.4819999694824	0.0818169089605654
337	29.1079998016358	0.49656225702712	30.2439998626709	0.182827543827393	26.4779998779297	0.62012426645821	3.66199998855591	0.11821170339979	30.5319999694824	0.093776354613163	27.0119998931885	0.390786197130521	30.4879997253418	0.0459782709964671
338	28.979999923706	0.531206309884906	30.1340003967285	0.220558435495064	26.2399997711182	0.564676958957906	1.63599998950958	0.0474973594433533	30.4919998168945	0.127765639749627	26.6939998626709	0.416072241122675	30.4319999694824	0.0470530060908583
339	28.7100002288818	0.61456506294993	30.0200000762939	0.27801084590586	25.8399997711182	0.664695333860626	1.09800002574921	0.00663324325475148	30.4840000152588	0.144104393630215	26.3520004272461	0.450215414257713	30.4259998321533	0.0639219117618837
340	28.5400001525879	0.662668714179943	30.0760002136231	0.284123131561012	25.92200050354	0.727347229071648	0.686000001430511	0.00244948740676775	30.5859996795654	0.118135576305848	26.4440002441406	0.515097923435536	30.503999710083	0.0537216578799674
341	28.3920001983643	0.759278424999292	30.0800003051758	0.314912801632274	25.5080001831055	0.711536211519826	0.575999987125397	0.0050990146507887	30.5680004119873	0.146608453491884	25.9319999694824	0.509081681628197	30.5219997406006	0.0460869650398303
342	28.1160003662109	0.678834239013492	30.0860000610351	0.268506835055003	25.8939998626709	0.640933770851231	0.655999994277954	0.00400000959635209	30.529999923706	0.115455527657208	26.3940002441406	0.486883951228783	30.4639999389648	0.0409389888590601
343	28.2939998626709	0.752864896784791	30.0619998931885	0.363282078733134	25.4699996948242	0.774473855519968	0.748000001907349	0.00489897481353552	30.5340000152588	0.118093098784664	26.046000289917	0.564407911846271	30.4400001525879	0.0478539635885415
344	28.3599998474121	0.771828949997913	30.0900001525879	0.341057288114902	25.7719997406006	0.730872090411725	1.03799996376037	0.00583094633401603	30.5099998474121	0.0983362074180224	26.2959999084473	0.613503076534794	30.4520004272461	0.0429416979832968
345	28.557999420166	0.685925658699336	30.220000076294	0.34927071990352	26.0880001068115	0.654021347840792	1.5539999961853	0.0146969455296479	30.6119995117188	0.0845221645022357	26.5199996948242	0.523707745361233	30.4939998626709	0.0727047499629545
346	28.579999923706	0.710816261930291	30.220000076294	0.338186581347014	26.3139999389649	0.656533215881681	1.32599999904632	0.00927363664629477	30.6799999237061	0.069856957469143	26.8639995574951	0.532940828971721	30.5639999389648	0.0535351667964188
347	28.4980003356933	0.694545853146827	30.0580001831055	0.331774114840535	26.3379997253418	0.611027060963071	1.6920000076294	0.0259615113857617	30.5280002593994	0.0731713100811234	26.8780002593994	0.541085889023731	30.4399997711182	0.0662570514887174
348	28.6080001831055	0.62241788674623	30.0560001373291	0.324724362061092	26.7240001678467	0.574008933140755	1.63200001716614	0.0233238027136617	30.55	0.0723187589720757	27.1859996795654	0.475211559990597	30.5060001373291	0.0605476907712009
349	28.6780002593994	0.616112037254567	30.1399997711182	0.273770083731581	26.3979999542236	0.590926362073322	2.24000000953674	0.0331662162737541	30.579999923706	0.0793095438044449	26.8979999542236	0.530418820223656	30.5060001373291	0.0554617986410157
350	28.6080001831055	0.648994806113178	30.1380001068115	0.274689096519648	26.7540000915527	0.629226398993908	2.56199998855591	0.0406694004802439	30.6439998626709	0.066977626196538	27.2200000762939	0.481082045300988	30.5779998779297	0.0290517521502373
351	28.7759998321533	0.5626152555126	30.1720001220703	0.255115622722441	27.1319995880127	0.539457042847082	4.2019998550415	0.0429418156883	30.6819999694824	0.0634349576399971	27.5499996185303	0.39073009582319	30.5660003662109	0.0198997633116088
352	29.0059997558594	0.56558475757068	30.0859996795654	0.28412326649429	27.9439998626709	0.435598580591268	5.55	0.0541294756442322	30.6719997406006	0.0833905336935333	28.3119998931885	0.31179144087555	30.5639995574951	0.028390217872864
353	29.0759998321533	0.529288043615808	30.1119998931885	0.277766284674922	27.9880001068115	0.391169963043287	5.83599996566773	0.0522111158469708	30.6319995880127	0.0981528254426165	28.3979995727539	0.290248234916832	30.5	0.043243471921573
354	28.9780002593994	0.557076317645712	30.170000076294	0.267488503610314	27.5280002593994	0.433663510910525	6.28600006103515	0.064699273730654	30.6860000610351	0.0659243132365926	27.8979995727539	0.351445790545395	30.6120002746582	0.0115758711788992
355	28.7739997863769	0.59533693232349	30.203999710083	0.24798393622033	27.1740001678467	0.497057370656699	4.90999994277954	0.0380787916474372	30.6979999542236	0.0624819103468369	27.5559997558594	0.423551444630071	30.6279998779297	0.0270921181259368
356	28.7940002441406	0.611976954182129	30.2020000457764	0.220485806170512	26.9780002593994	0.558116650027527	4.32599992752075	0.0549180684969823	30.620000076294	0.0725259789589327	27.4679996490478	0.464998839772757	30.5159999847412	0.0427316414316783
357	28.7340003967285	0.619569145118566	30.2780002593994	0.257476186032671	26.9119998931885	0.563980372297093	4.08600006103516	0.042497032780053	30.7560001373291	0.0576714805113809	27.3240001678467	0.466954021894303	30.596000289917	0.0420237661070559
358	28.5900001525879	0.660537725394988	30.1639999389649	0.279581936285854	26.4439998626709	0.538094808286715	2.9960000038147	0.0338525894752444	30.6439998626709	0.0640780646356384	26.8219997406006	0.436742231259656	30.55	0.0291547071381059
359	28.6979999542236	0.662347308499916	30.1339996337891	0.333790355034273	26.4419998168945	0.564582928089836	2.06999998092651	0.0258843611586102	30.5740001678467	0.0832827206941064	26.8639999389648	0.456766709112477	30.4320003509521	0.064606282399937
360	28.5680000305176	0.696156714072046	30.1	0.354612260139957	26.1959999084473	0.634039523219502	1.65399997234344	0.0143526864066062	30.5819999694824	0.0796491622319567	26.6340000152588	0.519659572366181	30.4579998016357	0.0510293079022067
361	28.496000289917	0.714132943425613	30.2119998931885	0.313407235592465	25.7520004272461	0.670308962751547	1.36999998092651	0.0181659044870019	30.5659999847412	0.0909725864749535	26.2720001220703	0.539568184122684	30.4280006408691	0.0768374026774312
362	28.6600002288818	0.670619228597785	30.1559997558594	0.361173196177033	25.8060001373291	0.726530061061827	1.13199999332428	0.00860231706322579	30.5220001220703	0.10513805439915	26.3719993591308	0.611264259356163	30.3139999389649	0.0817680001233276
363	28.4139999389648	0.715119812473075	29.9740001678467	0.377261362277669	25.5859996795654	0.712106812459031	0.771999990940094	0.0115758330718958	30.5580001831055	0.103121191779903	26.0479999542236	0.593846854006863	30.4279998779297	0.0545342559953782
364	28.6119995117187	0.682813284389304	30.1120002746582	0.319631082452358	25.3680004119873	0.719564962734966	0.52799997329712	0.00199999809265139	30.5360000610352	0.0954776360657446	25.9819999694824	0.520609382327452	30.4239997863769	0.0690363160921872
365	28.5619998931885	0.647961288049371	30.079999923706	0.317568876350115	25.603999710083	0.710025289960919	0.893999981880188	0.0039999961853028	30.5459999084473	0.123919177326201	26.0159999847412	0.491595586289258	30.3920001983643	0.0754587907310658
366	28.8540004730224	0.600171678573905	30.1419994354248	0.27913085841158	25.9440002441406	0.661382015891197	1.33600001335144	0.00979797152722165	30.5180004119873	0.122857759618775	26.376000213623	0.428620972177015	30.4540000915527	0.0621771905228993
367	28.9900001525879	0.549809028207794	30.1639999389648	0.172005797576827	26.1560005187989	0.629837907120273	2.04999995231628	0.0122474370338376	30.5199996948242	0.11432412305254	26.5880001068115	0.409907210219598	30.4180000305176	0.0607782331260713
368	29.320000076294	0.43258509104279	30.1739997863769	0.22144085871711	26.9880001068115	0.494746306727069	3.70599999427795	0.0302654969109973	30.6099998474121	0.0953938141714938	27.5099998474121	0.315895588465458	30.5340003967285	0.0415451980263893
369	29.457999420166	0.391502222261942	30.2479999542236	0.242516106800299	27.5639999389648	0.46915455294886	4.7460000038147	0.0150332979010525	30.5979995727539	0.0892413287399432	27.9580001831055	0.248080638419504	30.5479999542236	0.0570438677986305
370	29.8739997863769	0.287899094044283	30.2040000915527	0.307613411782404	28.1880001068115	0.360546848358817	8.17600021362305	0.0849469882586801	30.5719997406006	0.090575933899132	28.5020000457764	0.135992589749209	30.5179996490479	0.0632773443535422
371	29.8219997406006	0.26414758334227	30.1819995880127	0.326564031213824	28.3879997253418	0.320349821234743	9.44799995422363	0.0438634195289532	30.5500003814697	0.099095881183948	28.6860000610351	0.209537592244437	30.4840000152588	0.0426146227609569
372	29.6980003356934	0.302066219977101	30.1739997863769	0.262366241643361	28.0420001983642	0.311310163353312	8.63400001525879	0.195156319547877	30.4720001220703	0.117362784663454	28.3500003814697	0.107377817314786	30.3580001831055	0.0898555623182382
373	29.4720001220703	0.339902931292089	30.1399997711181	0.285919525748956	28.2840000152588	0.309428387444054	9.19600009918213	0.13973536556376	30.5300003051758	0.113622196377008	28.5940002441407	0.152630054187432	30.4459999084472	0.0735254272284743
374	29.4080001831054	0.373837141634801	30.1700004577637	0.222822665160675	27.8079998016357	0.355238047367217	6.58200006484985	0.0859883203559976	30.4879997253418	0.116120804463769	28.1040000915527	0.170340772005057	30.4880001068115	0.0481040486494953
375	29.353999710083	0.451526460600979	30.1159996032715	0.236613413451105	27.5040000915527	0.431562507849384	6.83999996185303	0.0563027586307235	30.4059997558594	0.106282741680978	27.9719997406006	0.240466279582517	30.3680000305176	0.0757228679356952
376	29.2319995880127	0.459036094094137	30.2019996643066	0.266090285159035	27.6939998626709	0.353632793816689	6.74200000762939	0.0751930321032592	30.5119998931885	0.117277483746926	28.0979999542236	0.22323535234648	30.5400001525879	0.054313863827441
377	29.4380001068115	0.436261277122509	30.2199996948242	0.192483766540191	27.8800003051758	0.328527089132905	6.31800012588501	0.0557135402021804	30.4619998931885	0.0928656643559611	28.1659999847412	0.180349790592043	30.4640003204346	0.0725673309219411
378	29.2440002441406	0.47068672768707	30.1639999389649	0.255804659404966	27.4919998168945	0.414407904762433	6.9920000076294	0.0421188844945409	30.4640003204346	0.0906421954663816	27.9880001068115	0.257204321006038	30.4059997558594	0.081645762211977
379	29.1179996490479	0.516753263716972	30.103999710083	0.310750846290885	27.6060001373291	0.380205187542858	6.94599990844726	0.0388072181339066	30.553999710083	0.0666033184568869	28.0159996032715	0.219079990323357	30.5119995117187	0.0706683099064881
380	29.3500003814697	0.462493124833468	30.0659996032715	0.308344093137823	28.1080001831055	0.346545757382583	6.95799989700318	0.0568682447844577	30.4639999389648	0.0581894192658713	28.5020000457764	0.227539139988103	30.4700000762939	0.0736884860821686
381	29.5040004730224	0.399757342816887	30.1880004882813	0.311695286676695	28.4299999237061	0.245030614069093	7.50199995040894	0.145718833313062	30.6340003967285	0.042023806954887	28.723999786377	0.172412562183397	30.5880001068115	0.0586003480663316
382	29.6619998931885	0.397736313177485	30.1880001068115	0.371246642763685	28.4180000305176	0.239924887061119	7.50399990081787	0.113119389532921	30.673999786377	0.0224942548421543	28.679999923706	0.152905168951839	30.5979995727539	0.0781281255235649
383	29.246000289917	0.546082445145305	30.1020004272461	0.330838227906789	28.0619995117188	0.354067735538701	7.63199996948242	0.0885663496754489	30.6140003204346	0.0381573517174244	28.4599998474121	0.254950826054995	30.5639995574951	0.0546443508625064
384	29.3280002593994	0.507990304749322	30.1160003662109	0.368789966737251	27.9599998474121	0.368293292347641	6.95799999237061	0.121712741673164	30.5939998626709	0.0731163939542425	28.3680004119873	0.320957867290564	30.5140003204346	0.0712459966242401
385	29.0739997863769	0.594714955936644	30.2060001373291	0.243261272267485	27.9179996490479	0.392879095140571	7.31400012969971	0.314938159146313	30.6200000762939	0.0543141798814715	28.3040000915528	0.368939313989879	30.520000076294	0.0371480976024021
386	29.2740001678467	0.482696829761472	30.1180000305176	0.298436076592928	28.1559997558594	0.361408469192432	6.88400001525879	0.203337178385716	30.5220001220703	0.0739863508891689	28.5699996948242	0.341686996847616	30.476000213623	0.0589575831652607
387	29.2479999542236	0.53696737151237	30.2220001220703	0.322698237114823	27.9099994659424	0.38540880441162	5.40199995040894	0.0877154708483368	30.5979999542236	0.0558928018163812	28.2040004730225	0.376212610134631	30.5639995574951	0.0541847889019657
388	28.9219997406006	0.587446961184816	30.0400001525879	0.311271819548824	27.2659999847412	0.462056311821023	4.25799999237061	0.121465993572723	30.5179996490479	0.0657569893148769	27.6779998779297	0.421632329674141	30.503999710083	0.0623379679440218
389	28.8979999542236	0.591890076858036	30.0880004882813	0.282973665420809	26.9359996795654	0.511835860197823	3.52399997711182	0.0648536857916491	30.492000579834	0.0661363178802513	27.3579998016358	0.481782071481806	30.4300003051758	0.0598332752597078
390	28.7099998474121	0.608498330608485	30.0240001678467	0.277499427698767	26.729999923706	0.553236100137337	3.28400001525879	0.0450111028325829	30.4279998779297	0.0723464076566115	27.1400001525879	0.488661427152799	30.3380004882812	0.0465187751851133
391	28.7440002441406	0.566256188284332	30.0940002441406	0.270159133470519	26.8800003051758	0.519615370745019	2.78000001907349	0.0518651926352732	30.4779998779297	0.0845221035736589	27.2220001220703	0.466362533136953	30.470000076294	0.0536655980518979
392	28.6740001678467	0.527129968226754	30.1419998168945	0.281449617772789	26.7659999847412	0.530910623719162	2.57400002479553	0.0436577625053783	30.5519992828369	0.0615955171762821	27.1599998474121	0.469179985810499	30.5	0.0535724322132231
393	28.7940002441406	0.523875798437123	30.173999786377	0.263013473078796	26.9559997558594	0.520927841549261	2.41199998855591	0.045210628895417	30.546000289917	0.067052333719183	27.2679996490479	0.473501852964435	30.4740001678467	0.0420238387267367
394	28.4779998779297	0.587727898549346	30.0879997253418	0.303255724117868	26.446000289917	0.545551086369338	2.5340000629425	0.0447884024041332	30.4819999694824	0.0682199449707506	26.7620002746582	0.48202077464691	30.4100002288818	0.0339117792796395
395	28.6360000610352	0.561164621213358	30.1259998321533	0.308376458655249	26.3959999084473	0.544229616763877	1.68400001525879	0.0261916035826096	30.5639995574951	0.0611228843277687	26.7440002441406	0.418349072622036	30.5119998931885	0.0233240224900044
396	28.673999786377	0.595655830077001	30.2179996490479	0.349905635123621	26.6399997711182	0.545857223818859	2.07200002670288	0.0418807904923022	30.6380001068115	0.0703844039900208	27.1200000762939	0.463033326994964	30.5059997558594	0.032341737606124
397	28.7219997406006	0.576206739159783	30.2619998931885	0.290540691552697	26.373999786377	0.582482483616081	2.11999998092651	0.0284605220625335	30.576000213623	0.0628173788581587	26.8859996795654	0.425071830136716	30.4979995727539	0.0395474238547129
398	28.5580001831055	0.660131963900168	30.0320003509522	0.370208267281264	26.5139999389649	0.538847109850574	1.81599996089935	0.0302654835191096	30.5040000915527	0.0511470111957205	26.9200000762939	0.46421974883077	30.4860000610352	0.0237906336089986
399	28.5819999694824	0.682300374677326	30.0719997406006	0.389042175125021	26.3860000610351	0.620142141648546	1.98600001335144	0.0203960586031551	30.65	0.0563029407178938	26.8660003662109	0.510897134180539	30.5800003051758	0.0339117511567732
400	28.6459999084473	0.5662119368874	30.1439998626709	0.34748517602285	26.5219997406006	0.564246329725396	1.78600001335144	0.0169115458882672	30.5959999084473	0.0598833576661233	26.9519996643066	0.481481039274148	30.4839996337891	0.0399498804820932
401	28.5459999084473	0.657636742288934	30.1340000152588	0.322855901267883	25.9560001373291	0.620408146972168	2.09599995613098	0.0287402231593145	30.5119998931885	0.0677789888763095	26.4040000915527	0.467852658822076	30.4300006866455	0.0324037388094237
402	28.5099998474121	0.582151069422725	30.1459999084472	0.255863343808904	26.7259998321533	0.530458156981331	1.78799998760223	0.0128062558101134	30.5100002288818	0.0521537706486804	27.1780002593994	0.476155431550661	30.4639991760254	0.0254165114435212
403	28.6880001068115	0.616144559568774	30.0900001525879	0.351667348297634	26.3979995727539	0.592000158090861	1.85599999427795	0.0201494390291343	30.5740001678467	0.0666033184568868	26.9139999389649	0.49725839276956	30.4920001983643	0.045210551902452
404	28.8319999694824	0.56498139688029	30.2020000457764	0.265507156361992	26.6459999084473	0.566008765082056	2.05599992275238	0.0382883656517585	30.5	0.0680440769959097	27.096000289917	0.448704679601074	30.3819999694824	0.0385226516479302
405	28.6919998168945	0.644681318301408	30.1359996795654	0.319821948441406	26.679999923706	0.605739129775506	2.40200004577637	0.0312089860862395	30.5719997406006	0.0531413708413429	27.1700000762939	0.460293270499424	30.4939998626709	0.0239999532701413
406	28.8159996032715	0.590183020171943	30.1620002746582	0.353573205579182	26.446000289917	0.635174177044219	2.33200001716614	0.0404227644708825	30.6160003662109	0.0566215935163215	27.0680000305176	0.49390694304701	30.5240001678467	0.0461085556211078
407	28.9919998168945	0.565308545501912	30.3159996032715	0.253290267198363	26.75	0.579516928661759	3.02399997711182	0.0295972689477155	30.596000289917	0.0472864355667291	27.27200050354	0.419790420212859	30.4120002746582	0.0573934434825158
408	28.9479999542236	0.615283581998052	30.1140003204346	0.408161823082557	26.7599998474121	0.626673699900947	3.59200000762939	0.0231084623434256	30.5599994659424	0.0496990423655658	27.3359996795654	0.451282302402055	30.3739997863769	0.0802870672548599
409	28.9360004425049	0.57231643957683	30.3680000305176	0.256912271985809	27.126000213623	0.51451553503674	2.39799995422363	0.0446542363283497	30.6979999542236	0.0475816680752727	27.5779998779297	0.345924629359429	30.5860004425049	0.0607125761831512
410	29.3819999694824	0.515823717493455	30.4280002593994	0.209604218264549	27.2280006408692	0.536128735483714	3.02799997329712	0.0607782962816951	30.6260002136231	0.052307021863286	27.6659999847412	0.340831347735125	30.4619998931885	0.097385764157777
411	29.1259998321533	0.536885590013895	30.323999786377	0.242086810722559	26.9159999847412	0.579617128069941	3.33599996566773	0.0203960843199464	30.6219997406006	0.0761838738549914	27.3920001983643	0.408539072958005	30.5779998779297	0.0720695916931116
412	28.8740001678467	0.611061517331353	30.2059997558594	0.270362680889097	26.3759998321533	0.630440938036238	2.08999996185302	0.0189736792807519	30.5779994964599	0.0671118596746654	26.9579998016357	0.51906056070264	30.4759998321533	0.0683082983294717
413	28.8020004272461	0.561278970234964	30.1219997406006	0.209866581850829	26.0499996185303	0.670693734634618	1.65800001621247	0.0174356078621954	30.4540000915527	0.0849470421471986	26.5459999084473	0.485712003422463	30.3520000457764	0.0575675628461729
414	28.8799999237061	0.591202123917491	30.2139999389649	0.252539309140596	26.2080001831055	0.660737338859579	1.37999999523163	0.00774595930528586	30.6299999237061	0.0598331955653304	26.5920001983643	0.536222030884866	30.5720001220703	0.0434051570665751
415	28.8079998016357	0.602689051758216	30.1560001373291	0.233336707939259	26.1800006866455	0.632313280914084	1.89199998378754	0.00969535046861781	30.6079998016358	0.0594476870569867	26.6339996337891	0.481337757049779	30.5180004119873	0.051322662351507
416	28.8119998931885	0.602240816343281	30.2559997558594	0.204391977670356	25.9920001983643	0.671471458413635	2.42800002098084	0.0297321564512811	30.6139999389648	0.0531602363332139	26.4480003356934	0.503511602607149	30.5620006561279	0.0437493148314391
417	28.9319995880127	0.606047597117567	30.2300003051758	0.209165029430864	26.229999923706	0.64399556449887	2.36399993896484	0.0128841197483024	30.5600006103516	0.0518652569917911	26.7259998321533	0.52782196804703	30.5200000762939	0.041472958131995
418	29	0.552937759138963	30.1840000152588	0.252855497203213	26.3579998016358	0.615438131202506	3.25799999237061	0.0146287248872755	30.5840000152588	0.0377626986348573	26.8719997406006	0.440208944664736	30.5599998474121	0.0558569751998072
419	28.9199996948242	0.616716850871325	30.246000289917	0.167409586130068	26.8119998931885	0.569371409580588	3.03999996185303	0.00707106106836984	30.603999710083	0.0558212896011245	27.1719997406006	0.444818845518533	30.5340000152588	0.0250198328328585
420	28.973999786377	0.52472461640866	30.323999786377	0.208484847618331	26.8660003662109	0.550187234864857	2.09999995231628	0.016124537084321	30.6420001983643	0.0528582408134308	27.2879997253418	0.446401070821995	30.6299999237061	0.0367422527021137
421	28.7180000305176	0.584717160715632	30.1219997406006	0.302082611304902	26.1299999237061	0.63737724618318	1.8039999961853	0.0136381914168218	30.5920001983642	0.0748599136268361	26.6080001831055	0.506511539007752	30.5419998168945	0.0571314764387154
422	28.6940002441406	0.57898690124878	30.2100002288818	0.280321179377951	25.8640003204346	0.721863057397978	1.22999999523163	0.0384707546749951	30.5940002441406	0.083162307880107	26.3400001525879	0.559258518541299	30.4519996643066	0.0616764504726127
423	28.579999923706	0.599241242791593	29.8180000305176	0.235698982778492	25.6020000457764	0.702035593559661	1.58600001335144	0.0307571022701701	30.5979995727539	0.0664379199528854	26.029999923706	0.530575231943339	30.5580001831055	0.0592789488306618
424	28.7540000915527	0.578468778620074	30.1199996948242	0.304351742335739	26.1139999389648	0.673710703978856	1.41600000858307	0.029765771403922	30.5899997711182	0.0675277924012369	26.5080001831055	0.545979843075008	30.4660003662109	0.0574108386507137
425	28.6900001525879	0.549526905432088	30.1320003509522	0.196326178704882	25.6199996948242	0.672673818651738	2.39200005531311	0.0516139490339443	30.5600002288818	0.0773304661297279	26.1060001373291	0.486257040079804	30.4020004272461	0.045869298596653
426	28.6459999084473	0.601503207165735	30.0639999389648	0.261641108586224	26.2379997253418	0.681178474868399	2.67199997901917	0.0590254051824859	30.4639999389648	0.0867525636150437	26.8419998168945	0.468373776607637	30.4159999847412	0.0530660071410752
427	29.1860004425049	0.492976786285556	30.3540000915527	0.23917765985233	26.7719997406006	0.575737855081713	4.01800003051758	0.0287053944080745	30.6260002136231	0.0729793580018971	27.2439998626709	0.38829898076739	30.4979999542236	0.0974370697388263
428	29.1720001220703	0.525199196960058	30.3339996337891	0.187845662377915	26.6939998626709	0.617847727166591	5.10200004577637	0.0425910729667875	30.5740001678467	0.0991263498458809	27.3419998168946	0.401240428983973	30.4659999847412	0.0793475168309667
429	29.2339996337891	0.479182684750256	30.2320003509522	0.227319296398925	26.8239997863769	0.571100701239129	5.20599985122681	0.072567223814886	30.5200000762939	0.0754319819575734	27.3959999084472	0.357107813564888	30.4380001068115	0.0871436150476936
430	29.2240001678467	0.5144668317508	30.3340000152588	0.30034319407231	26.7379997253418	0.634684225682347	2.99400005340576	0.0515363887817915	30.5620002746582	0.0631982590209117	27.479999923706	0.412916539587148	30.4479995727539	0.104852379415828
431	29.1780002593994	0.494938719391498	30.3760002136231	0.265981303110118	26.6159999847412	0.615098577758705	2.27600002288818	0.0283901557274859	30.6659999847412	0.0536282444401725	27.2619998931885	0.46116583180388	30.6119998931885	0.0612698868837295
432	29.096000289917	0.513445363392907	30.3680000305176	0.155318845856828	26.5880001068115	0.633990636473684	2.03600001335144	0.0307571200989929	30.5619998931885	0.0601998068018225	27.1300003051758	0.408656372172987	30.5140003204346	0.0526879336886732
433	29.2259998321533	0.533747176995148	30.4060005187988	0.160642490678584	26.7759998321533	0.628511235782414	2.82599997520447	0.0355808980110013	30.5819999694824	0.0622416947434222	27.2919998168945	0.435951781660169	30.5020004272461	0.0556237540461441
434	29.0240001678467	0.528550849352269	30.1220001220703	0.168297226556772	26.3939998626709	0.688626349331052	2.24800000190735	0.0298998042607489	30.4439998626709	0.0520191308558889	27.0400001525879	0.514149571056817	30.3560001373291	0.0539074755019693
435	29.1139999389648	0.509760897203377	30.3200000762939	0.186413462548128	26.5519996643066	0.617457789546764	1.48800001144409	0.0165529295711283	30.623999786377	0.066075699483267	27.120000076294	0.453740137923153	30.5759998321533	0.057758249462042
436	28.97799949646	0.545631887504779	30.2340000152588	0.232478049081086	26.4219997406006	0.637600067076036	1.72800002098084	0.003741653818451	30.5439998626709	0.0588726855433808	26.9680000305176	0.506412792730656	30.4620002746582	0.0544426047108222
437	28.8580001831055	0.59936959038964	30.2259998321533	0.152793889709522	26.0180000305176	0.643734349518738	1.93999998569489	0.00894429003609234	30.4859996795654	0.0622576066238261	26.5399997711182	0.422551842392573	30.4220001220703	0.0572189876068384
438	28.8939998626709	0.485021836786205	30.1860000610352	0.193767851724618	25.976000213623	0.675297079637734	1.83799998760223	0.0208326742551226	30.5340000152588	0.0591272030319611	26.5459995269775	0.505564931787513	30.5180004119873	0.0518073246378477
439	28.8619998931885	0.510797403369931	30.0579998016358	0.341429557896733	26.0439998626709	0.696646163785978	1.78399999141693	0.0180554680517397	30.5819999694824	0.063906077012918	26.6800003051758	0.525461652087944	30.5280002593994	0.0466259883343367
440	28.9139999389649	0.563920307143032	30.2059997558594	0.248929797008206	26.4659996032715	0.626846004940583	1.97999999523163	0.0342052510429888	30.5060001373291	0.0727049729531533	27.0639995574951	0.515815787590283	30.4439998626709	0.0728422056452737
441	28.8600006103516	0.564287071500992	30.12799949646	0.2125887235794	26.353999710083	0.588188904085854	1.8400000333786	0.00316227464438638	30.5099998474121	0.052440569710303	26.8040000915527	0.396113571777474	30.4680000305176	0.0544424645743085
442	28.7959995269775	0.546722893313775	29.9520000457764	0.313343237345785	26.3179996490478	0.657125436197468	1.84599997997284	0.0521152543029756	30.6439998626709	0.0512445793450448	26.8279998779297	0.506738700195021	30.5859996795655	0.0428486298637812
443	28.9819999694824	0.554872903461183	30.2360000610352	0.302598608644573	26.5959999084473	0.594891779301302	1.77599997520447	0.0254165386467804	30.6080001831054	0.0635138623590619	27.1220005035401	0.497045195690943	30.5300003051758	0.0516719703826418
444	28.8640003204345	0.571547012397985	30.0979999542236	0.277117199944285	26.2459999084472	0.657012921477703	2.22400002479553	0.0256124725237517	30.5040000915527	0.071386330689375	26.7659999847412	0.482447758098718	30.4160003662109	0.0534416807807481
445	28.7700004577637	0.603812912026664	30.1520000457764	0.27516176344702	26.2680004119873	0.620720535298055	2.50799999237061	0.0096953504686171	30.5840000152588	0.0529715707219069	26.7419998168945	0.4204093557811	30.5500003814697	0.0464758994705127
446	28.9400001525879	0.572590645223236	30.1479999542236	0.370639871715232	26.8759998321533	0.562304398893387	2.91400003433228	0.0143527229517395	30.6440002441406	0.0663779505424764	27.3979995727539	0.454361042984771	30.5260002136231	0.0271296104367412
447	29.0179996490478	0.565379600018735	30.2619998931885	0.292342070526998	26.9120002746582	0.554034408051761	3.01999998092651	0.0343510953148475	30.6420001983643	0.0670373237622817	27.4139999389648	0.504049586702734	30.5440002441406	0.0410609132414553
448	29.1219997406006	0.540197991999027	30.2659996032715	0.236972656539945	27.2479999542236	0.499303486823825	4.08400011062622	0.0365513393485568	30.6720001220703	0.0607783429628573	27.6480003356934	0.408306209808334	30.5059997558594	0.0166133179903773
449	29.246000289917	0.529099202292103	30.2180000305176	0.335013415532155	27.4680000305176	0.445335635980776	5.31199998855591	0.0575673565964791	30.6680000305176	0.0831504767595188	27.8840000152588	0.395456634015248	30.4959999084473	0.028740309434786
450	29.0360000610352	0.530420746962275	30.2319995880127	0.241192830039006	27.0419994354248	0.507300813133105	4.92800006866455	0.0438634695351564	30.6819995880127	0.0480001330377181	27.4299999237061	0.363386652531179	30.5219997406006	0.0354119296392539
451	28.8019996643066	0.558734074321726	30.1260005950928	0.390916966551166	27.1400005340576	0.477995707185384	4.63399991989136	0.0518266297367648	30.6380004882812	0.0453211587569192	27.5519996643067	0.36989714787922	30.4759998321533	0.0470744007566887
452	28.8680000305176	0.606814868101684	30.1360000610352	0.365275061215755	27.2700004577637	0.471296168001004	4.58600006103516	0.0770454406914457	30.6040004730225	0.0674239903621771	27.7479999542236	0.382745203766859	30.473999786377	0.0314006753261386
453	28.9040000915527	0.65569524315199	30.1	0.254224430895437	27.3359996795654	0.49298666524751	4.42600002288818	0.059211488496997	30.6180004119873	0.0698140083228162	27.8559997558594	0.332168500561972	30.4880001068115	0.052763443377987
454	28.6580001831055	0.748167176867781	30.0359996795654	0.300309907525482	27.0940002441406	0.506878512918587	3.90599999427795	0.0395727349612193	30.5980003356934	0.0821824342514499	27.6139999389648	0.425001057145582	30.4579998016357	0.058770826958728
455	28.679999923706	0.674166189821525	30.1379997253418	0.247313339158885	26.9340000152588	0.507312547973971	3.48600001335144	0.0424970181933984	30.6319999694824	0.0537958584353308	27.3399997711182	0.378311931817079	30.4720001220703	0.0274589804172605
456	28.7499996185303	0.749126219418916	30.0819999694824	0.316707884676725	27.4479999542236	0.437805957923458	4.03800005912781	0.0285306680543312	30.6280006408691	0.0598664993275532	27.8060001373291	0.367635586884273	30.4360000610352	0.0357212549704707
457	29.0040000915527	0.628956061558581	30.1819999694824	0.320614880044914	27.4720001220703	0.470652663124407	4.08599991798401	0.0437720955121142	30.6559997558594	0.0659241309624639	27.8020000457764	0.3569228915547	30.4439994812012	0.0250201148942909
458	28.8	0.708533703182151	30.076000213623	0.354056430564698	26.8160003662109	0.518542306952683	3.63200001716614	0.0383927250537414	30.5719997406006	0.0550819793094065	27.2040000915527	0.414217501464355	30.4040000915527	0.028390103660966
459	28.6420001983643	0.600669429295728	30.007999420166	0.452983530263068	27.0779998779297	0.477330078984183	4.30600004196167	0.0851234017332888	30.5820003509522	0.0422374832308648	27.5020000457763	0.385310366407072	30.4139999389648	0.0374966854413976
460	28.953999710083	0.592035504681289	30.179999923706	0.327597344877115	26.9619995117188	0.536408368550496	4.20800008773804	0.0621611353209424	30.6739994049072	0.0593802024089759	27.4380001068115	0.447251926066268	30.4979999542236	0.0312091067895584
461	28.7159996032715	0.641838121511114	30.0680000305176	0.334281238930792	27.1620002746582	0.458534649287521	4.31199998855591	0.0419999962761403	30.5420001983643	0.0720695308228303	27.4139999389649	0.346548585884582	30.329999923706	0.0368779874989499
462	28.7919998168945	0.645193018292443	30.2379997253418	0.38503777714472	27.5600002288818	0.439738595299637	4.26999998092651	0.0614817390313404	30.7020000457764	0.0435201509656623	27.9119998931885	0.368854729856012	30.4899997711182	0.0450555577120354
463	28.8280002593994	0.674635965599998	30.1559993743896	0.360466314490631	27.0439998626709	0.504753648537931	4.06999998092652	0.0727323905764442	30.6420001983642	0.0511270372509527	27.5719997406006	0.423738044070492	30.4579998016358	0.0333764709850268
464	28.9160003662109	0.528635759339405	30.15	0.316701834348919	27.1500003814697	0.489356728944807	4.48599996566772	0.0566215716202262	30.5859996795654	0.0607124379522559	27.5299999237061	0.390320399306028	30.423999786377	0.0285657131814308
465	29.0119995117188	0.514882577357437	30.0699996948242	0.360388705847495	27.8619998931885	0.349147334153895	5.03799991607666	0.0415210646517678	30.5979995727539	0.0689492939937788	28.1359996795654	0.317042520072202	30.3579998016357	0.0285306563571424
466	29.0100002288818	0.651245194254572	30.1540000915527	0.405260222469192	27.1560005187988	0.480693269981969	4.87599992752075	0.0328023872996057	30.6119998931885	0.042591099836868	27.6100002288819	0.366291975512968	30.4139999389648	0.0456729591293461
467	29.1580001831055	0.61062574898905	30.2559997558594	0.306049135913178	27.629999923706	0.425405577263203	5.48999996185303	0.0469042145290024	30.6680004119873	0.0622415139421654	28.1319999694824	0.357594826901237	30.4819995880127	0.0425910237060128
468	29.2159999847412	0.565310447460636	30.1839996337891	0.3695213814049	27.853999710083	0.433319631537993	4.76400003433228	0.0350143365653186	30.5840000152588	0.0918479021246597	28.2420001983642	0.332436408847109	30.4339996337891	0.0368237846970839
469	29.4500003814697	0.478957183867513	30.2319999694824	0.34694942875399	28.4479999542236	0.276936672146701	6.59999990463257	0.0580516991234633	30.6840003967285	0.0677199704669144	28.6919998168945	0.214974423896831	30.4659996032715	0.0358610087384685
470	29.5680004119873	0.563279644981373	30.3520004272461	0.296081056889208	28.5900001525879	0.33382638944315	8.35200004577637	0.0361110589080677	30.6900001525879	0.0692821176469567	28.9619998931885	0.258348559085594	30.4940002441406	0.0524977233397274
471	29.8519996643066	0.487999827744539	30.4620002746582	0.325720793907183	28.9900001525879	0.277867018886791	9.9439998626709	0.050457958133007	30.7619995117188	0.0997698046307942	29.3159999847412	0.237035914021781	30.5380001068116	0.052573702133057
472	29.7399997711182	0.607033780762109	30.5380001068115	0.24534475759505	29.3419998168945	0.205582200291518	9.97599983215334	0.0872123728943698	30.8100006103516	0.107842416875045	29.6079998016357	0.163780441879109	30.57799949646	0.0440907170845327
473	29.6579998016358	0.640292276293782	30.4020000457764	0.286886471614338	29.1360000610351	0.207788340201652	7.36399993896484	0.0400749499039888	30.7819999694824	0.10664894234109	29.4139999389648	0.167737875214728	30.5139999389649	0.0320312950180616
474	29.4079998016357	0.732628059686756	30.3119998931885	0.39165532996689	28.6939998626709	0.299693304940908	7.76199998855591	0.0719999313354487	30.7779998779297	0.0849940161901385	29.0040000915527	0.253467780780166	30.5459999084473	0.0229347906783956
475	29.6120002746582	0.620317811616331	30.370000076294	0.286303831944133	28.7300003051758	0.304679931421505	7.14399995803833	0.0408166453664949	30.8060001373291	0.0832825970225036	28.9880001068115	0.223727263453928	30.5559997558594	0.0235795205580749
476	29.4520000457764	0.692130029677729	30.2180000305176	0.344810205659215	28.8	0.239895894995905	6.89999990463257	0.0425441326556617	30.7180000305176	0.0747931326756679	29.1199996948242	0.202361123771635	30.529999923706	0.0137840183134759
477	29.503999710083	0.655977152275401	30.2619998931885	0.211220155528916	28.4479999542236	0.323347917612057	5.73400001525879	0.033852624689508	30.7240001678467	0.0826194489386659	28.7380001068115	0.214438761614922	30.4819999694824	0.0193392658149769
478	29.3580001831055	0.680554158608339	30.1739997863769	0.315128614030498	28.2439998626709	0.351291694398358	5.51799993515015	0.0259615623544492	30.7040000915527	0.0699713859936439	28.5919998168945	0.253108516836625	30.5240005493164	0.0242073999995263
479	29.5279998779297	0.6970753564148	30.2039993286133	0.399081325799733	28.7719997406006	0.277297508414048	6.74600009918213	0.0540924943748723	30.7320003509521	0.0855802866227037	29.0880001068115	0.221277877723863	30.5760002136231	0.0420236617152956
480	30.0580001831055	0.565476990222492	30.4719997406006	0.278611058005886	29.6	0.201171531970455	7.74800004959106	0.135624479850099	30.8839996337891	0.106141477853514	29.8439998626709	0.159204383341349	30.6799999237061	0.0254953444494212
481	30.1679996490479	0.534390961504457	30.2860000610352	0.385182994087699	29.8860000610351	0.161077564818489	11.229999923706	0.259788279087399	30.8199996948242	0.138852320978352	29.9880001068115	0.104995363115229	30.5840000152588	0.0595484775563712
482	30.3299999237061	0.519759715023916	30.3100002288818	0.421995411870609	30.2359996795654	0.109252023778721	13.3879999160767	0.241192807501232	30.8459999084473	0.168955331576378	30.3559997558594	0.0792844557125988	30.5579998016357	0.0872008812922169
483	30.3819999694824	0.530842896290482	30.3059993743896	0.333655519040771	30.3020000457764	0.072965658811351	13.7300001144409	0.441123485810127	30.829999923706	0.180748191138735	30.3700000762939	0.0481663521800755	30.453999710083	0.138658042279126
484	30.4139999389648	0.535673487552039	30.1479999542236	0.416694437773004	30.4880001068115	0.074390923957641	15.0260000228882	0.593511649662614	30.7020000457764	0.236440203149964	30.6099998474121	0.0493963862601591	30.3139995574951	0.132536935459251
485	30.3939994812012	0.530740897044453	29.9880001068115	0.455910308315798	30.6399997711182	0.0435888931692004	18.1939998626709	0.310814975761808	30.4700000762939	0.332219751868592	30.7159996032715	0.0368240592186565	30.1300003051758	0.15352516569451
486	30.4220001220703	0.52313883862358	29.8400001525879	0.533703834413333	30.6719997406006	0.0356930237354533	19.5979995727539	0.317007842583703	30.4839996337891	0.314175116309226	30.7179996490478	0.0326190928533725	30.1319995880127	0.147763277906408
487	30.5420001983643	0.477832662907767	29.9919998168945	0.468459229168069	30.703999710083	0.0169115381364811	20.9	0.340073598861902	30.5359996795654	0.301771295688924	30.7479999542237	0.0237487057001158	30.1879997253418	0.118380660601798
488	30.5880001068115	0.458196315919459	30.1040000915527	0.344682600197998	30.7939998626709	0.0267583325685776	23.0439998626709	0.139842868036046	30.5439998626709	0.265322473029083	30.8300003051758	0.02167931974864	30.2319999694824	0.111955557929943
489	30.6459999084473	0.398153215332553	30.1919998168945	0.280524366140026	30.7979999542236	0.0239583837185155	24.5319999694824	0.191478554623072	30.6580001831055	0.18895494083392	30.8120002746582	0.0193391080115037	30.3060001373291	0.0669027896364951
490	30.7220001220703	0.375784593260061	30.0000003814697	0.453409214644017	30.823999786377	0.0292576257940771	25.3559997558594	0.315952688128038	30.6480003356934	0.144823904564004	30.8459999084473	0.0242073054498347	30.3040000915527	0.0609591181359407
491	30.7860000610352	0.344740453066579	29.9899997711182	0.368944618307775	30.8819995880127	0.056956050728204	26.0099998474121	0.554589905380615	30.6120002746582	0.127373358629325	30.8999996185303	0.0485799419261416	30.253999710083	0.0824982622374422
492	30.7480003356934	0.375265252176445	29.9220001220703	0.380400032616396	30.9020000457763	0.0889608555983148	26.4060001373291	0.541235425778473	30.5560001373291	0.113692794601389	30.9220001220703	0.0739867092264795	30.1139999389649	0.111561672107335
493	30.7860000610352	0.325032299350079	30.0780002593994	0.318157156611556	30.8799999237061	0.103489286891462	26.7259998321533	0.581589199319581	30.653999710083	0.118684415933058	30.8960006713867	0.0904211670865319	30.1899997711182	0.157321387845206
494	30.7819999694824	0.318188534155314	30.0200004577637	0.32343471159548	30.8560001373291	0.0842969029667465	26.2619998931885	0.692707623818735	30.646000289917	0.130713367647761	30.8619995117187	0.0743908008879052	30.2140003204346	0.153251343166012
495	30.7740001678467	0.292960621996717	30.0840000152588	0.340640578257122	30.8479999542236	0.0667379904252615	26.1560001373291	0.887663291149324	30.676000213623	0.141619270660294	30.8579998016357	0.054899907814343	30.303999710083	0.127106009746593
496	30.7999996185303	0.290774811228118	30.0299999237061	0.355274706223784	30.8880001068115	0.0595315916681897	26.220000076294	0.979443817466927	30.6980003356934	0.170716173611166	30.8940002441406	0.0488465323121535	30.2740001678467	0.149083752743573
497	30.7419998168945	0.326502844945738	30.0880001068115	0.327588317750427	30.9040000915528	0.066828148974698	25.9880001068115	0.948479796086363	30.6380001068115	0.179064308506318	30.8979999542236	0.0590252537107639	30.1720001220703	0.187653891761782
498	30.7060001373291	0.307840869791476	29.8619995117187	0.538018620250349	30.7759994506836	0.0691808624534616	25.5780002593994	0.927229272910591	30.6279998779297	0.170364477715966	30.7719997406006	0.0620806065453729	30.1819999694824	0.163810745550345
499	30.6120002746582	0.291743125671143	29.8760002136231	0.564469514305835	30.6699996948242	0.0625301733811462	25.0779998779297	0.955632834151548	30.5879997253418	0.162892600407841	30.6819999694824	0.0674091452180947	30.196000289917	0.120025023966662
500	30.5779998779297	0.288294897627533	30.007999420166	0.425292671157381	30.6159999847412	0.0669773784429988	24.7779994964599	0.811624317314026	30.5540000915527	0.182416951929539	30.6439998626709	0.068381462838358	30.2280002593994	0.102293662526007
501	30.6259998321533	0.29147209858411	29.8360000610352	0.623919913459005	30.6559997558594	0.0620967992876675	24.7220001220703	0.756474860752554	30.6040000915527	0.160549052125789	30.6879997253418	0.0529527712877333	30.3380001068115	0.0799627351759135
502	30.6419998168945	0.307073448416165	30.1060001373291	0.488678096686237	30.7360000610352	0.0620967593574773	24.9320003509522	0.730611939101254	30.6639999389649	0.175002868149429	30.7560001373291	0.061040773366911	30.4100002288818	0.115628855378352
503	30.6479999542236	0.33242143734825	30.203999710083	0.354367092554338	30.7279998779297	0.0585149125879424	24.7499996185303	0.66310620556519	30.6220001220703	0.187866905459492	30.7380001068115	0.0548086417751276	30.3299999237061	0.125459268898345
504	30.6520004272461	0.348559925766865	30.0680000305176	0.504959216988504	30.7560005187988	0.0374965938802974	24.5139999389648	0.561200363159692	30.6340003967285	0.161139732285181	30.7780002593994	0.0488262423077867	30.3339996337891	0.148647314913509
505	30.6299999237061	0.337149592265525	30.0600002288818	0.479968671253228	30.7319995880127	0.0514199788139286	24.8740005493164	0.459201659821656	30.6520000457764	0.159949871841532	30.7579998016357	0.0597829179947396	30.4040004730225	0.108009278146247
506	30.6180000305176	0.38414074358971	30.0999996185303	0.412492414000177	30.7659999847412	0.0578447167949909	24.7579998016358	0.523845260019968	30.5600002288819	0.206543088430957	30.8020000457764	0.0604483139328122	30.3639999389648	0.120066598785646
507	30.5400001525879	0.481601634738233	29.8619998931885	0.597674037163907	30.7080001831055	0.0506358263286962	24.9140003204346	0.398441833405574	30.5259998321533	0.172904535668258	30.7619998931885	0.0531410155097079	30.2920001983643	0.133843087347291
508	30.596000289917	0.457412122847969	29.979999923706	0.485314462239051	30.7040000915527	0.0491526635013154	25.0840000152588	0.385598141202096	30.6420001983642	0.147560210065461	30.720000076294	0.0415932576806762	30.3880004882813	0.160418133400962
509	30.5439998626709	0.523016382154214	29.7719997406006	0.578320147675005	30.746000289917	0.0645445343758779	25.5440002441406	0.323613829713626	30.5180004119873	0.165511216305282	30.7960006713867	0.0533478772044056	30.2420001983642	0.216087977965482
510	30.5719997406006	0.528596367790176	29.9659999847412	0.42309106974624	30.8040000915527	0.0474975158050688	25.4599998474121	0.247810249154909	30.4860004425049	0.234831884400952	30.8520000457764	0.0342637773640223	30.3820003509521	0.195022846781301
511	30.6119998931885	0.41783257631335	29.8400001525879	0.502941230526011	30.7619998931884	0.0265329658322912	25.1979999542236	0.233803244531366	30.5000003814697	0.185607038971275	30.8040000915527	0.0389359814396283	30.4319999694824	0.14890924272936
512	30.5720001220703	0.436547697714493	29.7440006256104	0.564425317478421	30.720000076294	0.0225832741760381	25.1860000610351	0.295323666936127	30.5420001983643	0.184537154181058	30.7559997558594	0.0350143924010274	30.4719997406006	0.173994315131448
513	30.6439998626709	0.40714377716312	30.0819999694824	0.341824550576096	30.803999710083	0.0254167590878451	25.2360000610351	0.226110746036812	30.6420001983642	0.160915926051608	30.8259998321533	0.0510488194197663	30.626000213623	0.172702077796474
514	30.6480003356934	0.405553986310554	29.9299999237061	0.488231732723663	30.8540000915527	0.0419045067527476	25.320000076294	0.314848985834067	30.6299999237061	0.15456400975543	30.8680000305176	0.067779092997087	30.5979999542236	0.190299673004673
515	30.6399997711182	0.392083935101116	30.0859996795654	0.401218035870478	30.8020000457764	0.0765766758847593	25.6840000152588	0.388234278118118	30.6079998016357	0.178868877271714	30.8119998931885	0.102293768807386	30.55	0.195397130883092
516	30.6419998168945	0.381436744175524	30.0060005187988	0.478462190718776	30.7619998931885	0.0974371108465163	25.6839996337891	0.32999392287704	30.5720001220703	0.196529671639683	30.7520000457764	0.133431568223396	30.5020000457763	0.194766362454423
517	30.5780002593994	0.374491540994104	29.803999710083	0.697177103799678	30.703999710083	0.109114670587151	26.3119995117187	0.264469365182967	30.5019996643067	0.221887486960253	30.6759994506836	0.153446924433828	30.4779998779297	0.230073862273531
518	30.6	0.370026979854632	29.8940002441406	0.610250688339212	30.7240001678467	0.141619346081805	26.0959995269775	0.506395113328748	30.4539993286133	0.263488157610645	30.6840000152588	0.19800513879306	30.353999710083	0.2576353118033
519	30.5900001525879	0.354019541572917	29.7759998321533	0.804522154859231	30.6900001525879	0.153134057847682	26.6040000915527	0.423799658534329	30.4639995574951	0.247277134254141	30.6279998779297	0.227209147928696	30.3659996032715	0.270639864936706
520	30.4979999542236	0.403105231997834	30.0819995880127	0.621662328142831	30.5919998168945	0.214974613766999	27.446000289917	0.323675533824147	30.4899997711182	0.243762202969905	30.553999710083	0.265962185574127	30.3619998931885	0.295116950720721
